method,epsilon_px,class,source_path,example_path,clean_pred,clean_conf,adv_pred,adv_conf,mask_area
layercam_masked_pgd,0.5,A1,C:\Users\최병호\Desktop\과제\MAR20_Aircraft_Project\MAR20\Classification_Dataset\test\A1\1002_4.jpg,C:\Users\최병호\Desktop\과제\MAR20_Aircraft_Project\attacks\Adversarial_Attacks\proposed_efficientnetb0_se_mlp512_full_seed2\epsilon_0p5\layercam_masked_pgd\examples\A1\01_1002_4_clean-A1_adv-A19.png,A1,0.999997,A19,0.781655,0.081259
layercam_masked_pgd,0.5,A1,C:\Users\최병호\Desktop\과제\MAR20_Aircraft_Project\MAR20\Classification_Dataset\test\A1\1002_5.jpg,C:\Users\최병호\Desktop\과제\MAR20_Aircraft_Project\attacks\Adversarial_Attacks\proposed_efficientnetb0_se_mlp512_full_seed2\epsilon_0p5\layercam_masked_pgd\examples\A1\02_1002_5_clean-A1_adv-A1.png,A1,0.999999,A1,0.918892,0.085713
layercam_masked_pgd,0.5,A1,C:\Users\최병호\Desktop\과제\MAR20_Aircraft_Project\MAR20\Classification_Dataset\test\A1\1002_6.jpg,C:\Users\최병호\Desktop\과제\MAR20_Aircraft_Project\attacks\Adversarial_Attacks\proposed_efficientnetb0_se_mlp512_full_seed2\epsilon_0p5\layercam_masked_pgd\examples\A1\03_1002_6_clean-A1_adv-A19.png,A1,0.999995,A19,0.994671,0.082061
layercam_masked_pgd,0.5,A1,C:\Users\최병호\Desktop\과제\MAR20_Aircraft_Project\MAR20\Classification_Dataset\test\A1\1002_7.jpg,C:\Users\최병호\Desktop\과제\MAR20_Aircraft_Project\attacks\Adversarial_Attacks\proposed_efficientnetb0_se_mlp512_full_seed2\epsilon_0p5\layercam_masked_pgd\examples\A1\04_1002_7_clean-A1_adv-A19.png,A1,0.999964,A19,0.980324,0.064707
layercam_masked_pgd,0.5,A1,C:\Users\최병호\Desktop\과제\MAR20_Aircraft_Project\MAR20\Classification_Dataset\test\A1\1016_0.jpg,C:\Users\최병호\Desktop\과제\MAR20_Aircraft_Project\attacks\Adversarial_Attacks\proposed_efficientnetb0_se_mlp512_full_seed2\epsilon_0p5\layercam_masked_pgd\examples\A1\05_1016_0_clean-A1_adv-A19.png,A1,0.996841,A19,0.999913,0.106356
layercam_masked_pgd,0.5,A1,C:\Users\최병호\Desktop\과제\MAR20_Aircraft_Project\MAR20\Classification_Dataset\test\A1\1016_1.jpg,C:\Users\최병호\Desktop\과제\MAR20_Aircraft_Project\attacks\Adversarial_Attacks\proposed_efficientnetb0_se_mlp512_full_seed2\epsilon_0p5\layercam_masked_pgd\examples\A1\06_1016_1_clean-A1_adv-A19.png,A1,0.998057,A19,0.998434,0.125443
layercam_masked_pgd,0.5,A1,C:\Users\최병호\Desktop\과제\MAR20_Aircraft_Project\MAR20\Classification_Dataset\test\A1\1016_3.jpg,C:\Users\최병호\Desktop\과제\MAR20_Aircraft_Project\attacks\Adversarial_Attacks\proposed_efficientnetb0_se_mlp512_full_seed2\epsilon_0p5\layercam_masked_pgd\examples\A1\07_1016_3_clean-A1_adv-A19.png,A1,0.776757,A19,0.999871,0.060766
layercam_masked_pgd,0.5,A1,C:\Users\최병호\Desktop\과제\MAR20_Aircraft_Project\MAR20\Classification_Dataset\test\A1\1018_0.jpg,C:\Users\최병호\Desktop\과제\MAR20_Aircraft_Project\attacks\Adversarial_Attacks\proposed_efficientnetb0_se_mlp512_full_seed2\epsilon_0p5\layercam_masked_pgd\examples\A1\08_1018_0_clean-A1_adv-A1.png,A1,0.996867,A1,0.787973,0.046481
layercam_masked_pgd,0.5,A1,C:\Users\최병호\Desktop\과제\MAR20_Aircraft_Project\MAR20\Classification_Dataset\test\A1\1018_1.jpg,C:\Users\최병호\Desktop\과제\MAR20_Aircraft_Project\attacks\Adversarial_Attacks\proposed_efficientnetb0_se_mlp512_full_seed2\epsilon_0p5\layercam_masked_pgd\examples\A1\09_1018_1_clean-A1_adv-A1.png,A1,0.996269,A1,0.935314,0.049401
layercam_masked_pgd,0.5,A1,C:\Users\최병호\Desktop\과제\MAR20_Aircraft_Project\MAR20\Classification_Dataset\test\A1\1018_2.jpg,C:\Users\최병호\Desktop\과제\MAR20_Aircraft_Project\attacks\Adversarial_Attacks\proposed_efficientnetb0_se_mlp512_full_seed2\epsilon_0p5\layercam_masked_pgd\examples\A1\10_1018_2_clean-A1_adv-A1.png,A1,0.999507,A1,0.950339,0.058708
layercam_masked_pgd,0.5,A10,C:\Users\최병호\Desktop\과제\MAR20_Aircraft_Project\MAR20\Classification_Dataset\test\A10\1040_0.jpg,C:\Users\최병호\Desktop\과제\MAR20_Aircraft_Project\attacks\Adversarial_Attacks\proposed_efficientnetb0_se_mlp512_full_seed2\epsilon_0p5\layercam_masked_pgd\examples\A10\01_1040_0_clean-A10_adv-A10.png,A10,1.000000,A10,0.998408,0.050178
layercam_masked_pgd,0.5,A10,C:\Users\최병호\Desktop\과제\MAR20_Aircraft_Project\MAR20\Classification_Dataset\test\A10\1040_1.jpg,C:\Users\최병호\Desktop\과제\MAR20_Aircraft_Project\attacks\Adversarial_Attacks\proposed_efficientnetb0_se_mlp512_full_seed2\epsilon_0p5\layercam_masked_pgd\examples\A10\02_1040_1_clean-A10_adv-A10.png,A10,1.000000,A10,0.999876,0.044738
layercam_masked_pgd,0.5,A10,C:\Users\최병호\Desktop\과제\MAR20_Aircraft_Project\MAR20\Classification_Dataset\test\A10\1040_2.jpg,C:\Users\최병호\Desktop\과제\MAR20_Aircraft_Project\attacks\Adversarial_Attacks\proposed_efficientnetb0_se_mlp512_full_seed2\epsilon_0p5\layercam_masked_pgd\examples\A10\03_1040_2_clean-A10_adv-A10.png,A10,1.000000,A10,0.999984,0.044189
layercam_masked_pgd,0.5,A10,C:\Users\최병호\Desktop\과제\MAR20_Aircraft_Project\MAR20\Classification_Dataset\test\A10\1040_3.jpg,C:\Users\최병호\Desktop\과제\MAR20_Aircraft_Project\attacks\Adversarial_Attacks\proposed_efficientnetb0_se_mlp512_full_seed2\epsilon_0p5\layercam_masked_pgd\examples\A10\04_1040_3_clean-A10_adv-A10.png,A10,1.000000,A10,0.998327,0.049695
layercam_masked_pgd,0.5,A10,C:\Users\최병호\Desktop\과제\MAR20_Aircraft_Project\MAR20\Classification_Dataset\test\A10\1057_0.jpg,C:\Users\최병호\Desktop\과제\MAR20_Aircraft_Project\attacks\Adversarial_Attacks\proposed_efficientnetb0_se_mlp512_full_seed2\epsilon_0p5\layercam_masked_pgd\examples\A10\05_1057_0_clean-A10_adv-A15.png,A10,0.999997,A15,0.908643,0.051613
layercam_masked_pgd,0.5,A10,C:\Users\최병호\Desktop\과제\MAR20_Aircraft_Project\MAR20\Classification_Dataset\test\A10\1057_1.jpg,C:\Users\최병호\Desktop\과제\MAR20_Aircraft_Project\attacks\Adversarial_Attacks\proposed_efficientnetb0_se_mlp512_full_seed2\epsilon_0p5\layercam_masked_pgd\examples\A10\06_1057_1_clean-A10_adv-A15.png,A10,0.999982,A15,0.998048,0.051559
layercam_masked_pgd,0.5,A10,C:\Users\최병호\Desktop\과제\MAR20_Aircraft_Project\MAR20\Classification_Dataset\test\A10\1057_2.jpg,C:\Users\최병호\Desktop\과제\MAR20_Aircraft_Project\attacks\Adversarial_Attacks\proposed_efficientnetb0_se_mlp512_full_seed2\epsilon_0p5\layercam_masked_pgd\examples\A10\07_1057_2_clean-A10_adv-A15.png,A10,0.999941,A15,0.998962,0.052396
layercam_masked_pgd,0.5,A10,C:\Users\최병호\Desktop\과제\MAR20_Aircraft_Project\MAR20\Classification_Dataset\test\A10\1057_3.jpg,C:\Users\최병호\Desktop\과제\MAR20_Aircraft_Project\attacks\Adversarial_Attacks\proposed_efficientnetb0_se_mlp512_full_seed2\epsilon_0p5\layercam_masked_pgd\examples\A10\08_1057_3_clean-A10_adv-A15.png,A10,0.999981,A15,0.999085,0.053158
layercam_masked_pgd,0.5,A10,C:\Users\최병호\Desktop\과제\MAR20_Aircraft_Project\MAR20\Classification_Dataset\test\A10\1057_4.jpg,C:\Users\최병호\Desktop\과제\MAR20_Aircraft_Project\attacks\Adversarial_Attacks\proposed_efficientnetb0_se_mlp512_full_seed2\epsilon_0p5\layercam_masked_pgd\examples\A10\09_1057_4_clean-A10_adv-A10.png,A10,1.000000,A10,0.914833,0.050467
layercam_masked_pgd,0.5,A10,C:\Users\최병호\Desktop\과제\MAR20_Aircraft_Project\MAR20\Classification_Dataset\test\A10\1057_5.jpg,C:\Users\최병호\Desktop\과제\MAR20_Aircraft_Project\attacks\Adversarial_Attacks\proposed_efficientnetb0_se_mlp512_full_seed2\epsilon_0p5\layercam_masked_pgd\examples\A10\10_1057_5_clean-A10_adv-A15.png,A10,0.999789,A15,0.995124,0.051668
layercam_masked_pgd,0.5,A11,C:\Users\최병호\Desktop\과제\MAR20_Aircraft_Project\MAR20\Classification_Dataset\test\A11\1057_6.jpg,C:\Users\최병호\Desktop\과제\MAR20_Aircraft_Project\attacks\Adversarial_Attacks\proposed_efficientnetb0_se_mlp512_full_seed2\epsilon_0p5\layercam_masked_pgd\examples\A11\01_1057_6_clean-A11_adv-A14.png,A11,0.578755,A14,0.995608,0.063880
layercam_masked_pgd,0.5,A11,C:\Users\최병호\Desktop\과제\MAR20_Aircraft_Project\MAR20\Classification_Dataset\test\A11\1065_0.jpg,C:\Users\최병호\Desktop\과제\MAR20_Aircraft_Project\attacks\Adversarial_Attacks\proposed_efficientnetb0_se_mlp512_full_seed2\epsilon_0p5\layercam_masked_pgd\examples\A11\02_1065_0_clean-A11_adv-A11.png,A11,0.997459,A11,0.858479,0.047089
layercam_masked_pgd,0.5,A11,C:\Users\최병호\Desktop\과제\MAR20_Aircraft_Project\MAR20\Classification_Dataset\test\A11\1065_1.jpg,C:\Users\최병호\Desktop\과제\MAR20_Aircraft_Project\attacks\Adversarial_Attacks\proposed_efficientnetb0_se_mlp512_full_seed2\epsilon_0p5\layercam_masked_pgd\examples\A11\03_1065_1_clean-A11_adv-A17.png,A11,0.946119,A17,0.802839,0.038365
layercam_masked_pgd,0.5,A11,C:\Users\최병호\Desktop\과제\MAR20_Aircraft_Project\MAR20\Classification_Dataset\test\A11\1076_7.jpg,C:\Users\최병호\Desktop\과제\MAR20_Aircraft_Project\attacks\Adversarial_Attacks\proposed_efficientnetb0_se_mlp512_full_seed2\epsilon_0p5\layercam_masked_pgd\examples\A11\04_1076_7_clean-A11_adv-A11.png,A11,0.999800,A11,0.997340,0.059849
layercam_masked_pgd,0.5,A11,C:\Users\최병호\Desktop\과제\MAR20_Aircraft_Project\MAR20\Classification_Dataset\test\A11\1076_8.jpg,C:\Users\최병호\Desktop\과제\MAR20_Aircraft_Project\attacks\Adversarial_Attacks\proposed_efficientnetb0_se_mlp512_full_seed2\epsilon_0p5\layercam_masked_pgd\examples\A11\05_1076_8_clean-A11_adv-A11.png,A11,0.999908,A11,0.998782,0.060143
layercam_masked_pgd,0.5,A11,C:\Users\최병호\Desktop\과제\MAR20_Aircraft_Project\MAR20\Classification_Dataset\test\A11\1114_1.jpg,C:\Users\최병호\Desktop\과제\MAR20_Aircraft_Project\attacks\Adversarial_Attacks\proposed_efficientnetb0_se_mlp512_full_seed2\epsilon_0p5\layercam_masked_pgd\examples\A11\06_1114_1_clean-A11_adv-A11.png,A11,0.999794,A11,0.999054,0.057229
layercam_masked_pgd,0.5,A11,C:\Users\최병호\Desktop\과제\MAR20_Aircraft_Project\MAR20\Classification_Dataset\test\A11\1117_1.jpg,C:\Users\최병호\Desktop\과제\MAR20_Aircraft_Project\attacks\Adversarial_Attacks\proposed_efficientnetb0_se_mlp512_full_seed2\epsilon_0p5\layercam_masked_pgd\examples\A11\07_1117_1_clean-A11_adv-A11.png,A11,0.999708,A11,0.996857,0.054005
layercam_masked_pgd,0.5,A11,C:\Users\최병호\Desktop\과제\MAR20_Aircraft_Project\MAR20\Classification_Dataset\test\A11\1117_2.jpg,C:\Users\최병호\Desktop\과제\MAR20_Aircraft_Project\attacks\Adversarial_Attacks\proposed_efficientnetb0_se_mlp512_full_seed2\epsilon_0p5\layercam_masked_pgd\examples\A11\08_1117_2_clean-A11_adv-A11.png,A11,0.999697,A11,0.996800,0.053183
layercam_masked_pgd,0.5,A11,C:\Users\최병호\Desktop\과제\MAR20_Aircraft_Project\MAR20\Classification_Dataset\test\A11\1117_3.jpg,C:\Users\최병호\Desktop\과제\MAR20_Aircraft_Project\attacks\Adversarial_Attacks\proposed_efficientnetb0_se_mlp512_full_seed2\epsilon_0p5\layercam_masked_pgd\examples\A11\09_1117_3_clean-A11_adv-A11.png,A11,0.999671,A11,0.989435,0.059750
layercam_masked_pgd,0.5,A11,C:\Users\최병호\Desktop\과제\MAR20_Aircraft_Project\MAR20\Classification_Dataset\test\A11\1123_0.jpg,C:\Users\최병호\Desktop\과제\MAR20_Aircraft_Project\attacks\Adversarial_Attacks\proposed_efficientnetb0_se_mlp512_full_seed2\epsilon_0p5\layercam_masked_pgd\examples\A11\10_1123_0_clean-A11_adv-A14.png,A11,0.956760,A14,0.896657,0.053367
layercam_masked_pgd,0.5,A12,C:\Users\최병호\Desktop\과제\MAR20_Aircraft_Project\MAR20\Classification_Dataset\test\A12\1012_1.jpg,C:\Users\최병호\Desktop\과제\MAR20_Aircraft_Project\attacks\Adversarial_Attacks\proposed_efficientnetb0_se_mlp512_full_seed2\epsilon_0p5\layercam_masked_pgd\examples\A12\01_1012_1_clean-A12_adv-A12.png,A12,0.999998,A12,0.999983,0.051389
layercam_masked_pgd,0.5,A12,C:\Users\최병호\Desktop\과제\MAR20_Aircraft_Project\MAR20\Classification_Dataset\test\A12\1012_2.jpg,C:\Users\최병호\Desktop\과제\MAR20_Aircraft_Project\attacks\Adversarial_Attacks\proposed_efficientnetb0_se_mlp512_full_seed2\epsilon_0p5\layercam_masked_pgd\examples\A12\02_1012_2_clean-A12_adv-A12.png,A12,1.000000,A12,0.999999,0.057557
layercam_masked_pgd,0.5,A12,C:\Users\최병호\Desktop\과제\MAR20_Aircraft_Project\MAR20\Classification_Dataset\test\A12\1012_3.jpg,C:\Users\최병호\Desktop\과제\MAR20_Aircraft_Project\attacks\Adversarial_Attacks\proposed_efficientnetb0_se_mlp512_full_seed2\epsilon_0p5\layercam_masked_pgd\examples\A12\03_1012_3_clean-A12_adv-A12.png,A12,0.999999,A12,0.999981,0.066062
layercam_masked_pgd,0.5,A12,C:\Users\최병호\Desktop\과제\MAR20_Aircraft_Project\MAR20\Classification_Dataset\test\A12\1012_4.jpg,C:\Users\최병호\Desktop\과제\MAR20_Aircraft_Project\attacks\Adversarial_Attacks\proposed_efficientnetb0_se_mlp512_full_seed2\epsilon_0p5\layercam_masked_pgd\examples\A12\04_1012_4_clean-A12_adv-A12.png,A12,0.999971,A12,0.999296,0.053362
layercam_masked_pgd,0.5,A12,C:\Users\최병호\Desktop\과제\MAR20_Aircraft_Project\MAR20\Classification_Dataset\test\A12\1015_3.jpg,C:\Users\최병호\Desktop\과제\MAR20_Aircraft_Project\attacks\Adversarial_Attacks\proposed_efficientnetb0_se_mlp512_full_seed2\epsilon_0p5\layercam_masked_pgd\examples\A12\05_1015_3_clean-A12_adv-A20.png,A12,0.997960,A20,0.534313,0.068001
layercam_masked_pgd,0.5,A12,C:\Users\최병호\Desktop\과제\MAR20_Aircraft_Project\MAR20\Classification_Dataset\test\A12\1015_4.jpg,C:\Users\최병호\Desktop\과제\MAR20_Aircraft_Project\attacks\Adversarial_Attacks\proposed_efficientnetb0_se_mlp512_full_seed2\epsilon_0p5\layercam_masked_pgd\examples\A12\06_1015_4_clean-A12_adv-A12.png,A12,0.999933,A12,0.955780,0.095419
layercam_masked_pgd,0.5,A12,C:\Users\최병호\Desktop\과제\MAR20_Aircraft_Project\MAR20\Classification_Dataset\test\A12\1015_5.jpg,C:\Users\최병호\Desktop\과제\MAR20_Aircraft_Project\attacks\Adversarial_Attacks\proposed_efficientnetb0_se_mlp512_full_seed2\epsilon_0p5\layercam_masked_pgd\examples\A12\07_1015_5_clean-A12_adv-A12.png,A12,0.999993,A12,0.997605,0.103730
layercam_masked_pgd,0.5,A12,C:\Users\최병호\Desktop\과제\MAR20_Aircraft_Project\MAR20\Classification_Dataset\test\A12\1135_3.jpg,C:\Users\최병호\Desktop\과제\MAR20_Aircraft_Project\attacks\Adversarial_Attacks\proposed_efficientnetb0_se_mlp512_full_seed2\epsilon_0p5\layercam_masked_pgd\examples\A12\08_1135_3_clean-A12_adv-A12.png,A12,0.999969,A12,0.997238,0.056875
layercam_masked_pgd,0.5,A12,C:\Users\최병호\Desktop\과제\MAR20_Aircraft_Project\MAR20\Classification_Dataset\test\A12\1135_4.jpg,C:\Users\최병호\Desktop\과제\MAR20_Aircraft_Project\attacks\Adversarial_Attacks\proposed_efficientnetb0_se_mlp512_full_seed2\epsilon_0p5\layercam_masked_pgd\examples\A12\09_1135_4_clean-A12_adv-A12.png,A12,0.999895,A12,0.994722,0.047498
layercam_masked_pgd,0.5,A12,C:\Users\최병호\Desktop\과제\MAR20_Aircraft_Project\MAR20\Classification_Dataset\test\A12\1135_5.jpg,C:\Users\최병호\Desktop\과제\MAR20_Aircraft_Project\attacks\Adversarial_Attacks\proposed_efficientnetb0_se_mlp512_full_seed2\epsilon_0p5\layercam_masked_pgd\examples\A12\10_1135_5_clean-A12_adv-A12.png,A12,0.999989,A12,0.990759,0.055709
layercam_masked_pgd,0.5,A13,C:\Users\최병호\Desktop\과제\MAR20_Aircraft_Project\MAR20\Classification_Dataset\test\A13\1014_0.jpg,C:\Users\최병호\Desktop\과제\MAR20_Aircraft_Project\attacks\Adversarial_Attacks\proposed_efficientnetb0_se_mlp512_full_seed2\epsilon_0p5\layercam_masked_pgd\examples\A13\01_1014_0_clean-A13_adv-A5.png,A13,0.996233,A5,0.999876,0.035983
layercam_masked_pgd,0.5,A13,C:\Users\최병호\Desktop\과제\MAR20_Aircraft_Project\MAR20\Classification_Dataset\test\A13\1014_1.jpg,C:\Users\최병호\Desktop\과제\MAR20_Aircraft_Project\attacks\Adversarial_Attacks\proposed_efficientnetb0_se_mlp512_full_seed2\epsilon_0p5\layercam_masked_pgd\examples\A13\02_1014_1_clean-A13_adv-A5.png,A13,0.940221,A5,0.999582,0.037174
layercam_masked_pgd,0.5,A13,C:\Users\최병호\Desktop\과제\MAR20_Aircraft_Project\MAR20\Classification_Dataset\test\A13\1014_2.jpg,C:\Users\최병호\Desktop\과제\MAR20_Aircraft_Project\attacks\Adversarial_Attacks\proposed_efficientnetb0_se_mlp512_full_seed2\epsilon_0p5\layercam_masked_pgd\examples\A13\03_1014_2_clean-A13_adv-A15.png,A13,0.792304,A15,0.999787,0.048529
layercam_masked_pgd,0.5,A13,C:\Users\최병호\Desktop\과제\MAR20_Aircraft_Project\MAR20\Classification_Dataset\test\A13\1014_4.jpg,C:\Users\최병호\Desktop\과제\MAR20_Aircraft_Project\attacks\Adversarial_Attacks\proposed_efficientnetb0_se_mlp512_full_seed2\epsilon_0p5\layercam_masked_pgd\examples\A13\04_1014_4_clean-A13_adv-A5.png,A13,0.993504,A5,0.999999,0.046516
layercam_masked_pgd,0.5,A13,C:\Users\최병호\Desktop\과제\MAR20_Aircraft_Project\MAR20\Classification_Dataset\test\A13\1014_6.jpg,C:\Users\최병호\Desktop\과제\MAR20_Aircraft_Project\attacks\Adversarial_Attacks\proposed_efficientnetb0_se_mlp512_full_seed2\epsilon_0p5\layercam_masked_pgd\examples\A13\05_1014_6_clean-A13_adv-A5.png,A13,0.859682,A5,0.999998,0.032406
layercam_masked_pgd,0.5,A13,C:\Users\최병호\Desktop\과제\MAR20_Aircraft_Project\MAR20\Classification_Dataset\test\A13\1014_7.jpg,C:\Users\최병호\Desktop\과제\MAR20_Aircraft_Project\attacks\Adversarial_Attacks\proposed_efficientnetb0_se_mlp512_full_seed2\epsilon_0p5\layercam_masked_pgd\examples\A13\06_1014_7_clean-A13_adv-A5.png,A13,0.866594,A5,1.000000,0.051862
layercam_masked_pgd,0.5,A13,C:\Users\최병호\Desktop\과제\MAR20_Aircraft_Project\MAR20\Classification_Dataset\test\A13\1032_0.jpg,C:\Users\최병호\Desktop\과제\MAR20_Aircraft_Project\attacks\Adversarial_Attacks\proposed_efficientnetb0_se_mlp512_full_seed2\epsilon_0p5\layercam_masked_pgd\examples\A13\07_1032_0_clean-A13_adv-A1.png,A13,0.849102,A1,0.994788,0.047553
layercam_masked_pgd,0.5,A13,C:\Users\최병호\Desktop\과제\MAR20_Aircraft_Project\MAR20\Classification_Dataset\test\A13\1036_0.jpg,C:\Users\최병호\Desktop\과제\MAR20_Aircraft_Project\attacks\Adversarial_Attacks\proposed_efficientnetb0_se_mlp512_full_seed2\epsilon_0p5\layercam_masked_pgd\examples\A13\08_1036_0_clean-A13_adv-A5.png,A13,0.772036,A5,0.999722,0.044902
layercam_masked_pgd,0.5,A13,C:\Users\최병호\Desktop\과제\MAR20_Aircraft_Project\MAR20\Classification_Dataset\test\A13\1036_1.jpg,C:\Users\최병호\Desktop\과제\MAR20_Aircraft_Project\attacks\Adversarial_Attacks\proposed_efficientnetb0_se_mlp512_full_seed2\epsilon_0p5\layercam_masked_pgd\examples\A13\09_1036_1_clean-A13_adv-A15.png,A13,0.967958,A15,0.999939,0.055664
layercam_masked_pgd,0.5,A13,C:\Users\최병호\Desktop\과제\MAR20_Aircraft_Project\MAR20\Classification_Dataset\test\A13\1036_3.jpg,C:\Users\최병호\Desktop\과제\MAR20_Aircraft_Project\attacks\Adversarial_Attacks\proposed_efficientnetb0_se_mlp512_full_seed2\epsilon_0p5\layercam_masked_pgd\examples\A13\10_1036_3_clean-A13_adv-A15.png,A13,0.686143,A15,0.999824,0.049167
layercam_masked_pgd,0.5,A14,C:\Users\최병호\Desktop\과제\MAR20_Aircraft_Project\MAR20\Classification_Dataset\test\A14\1019_0.jpg,C:\Users\최병호\Desktop\과제\MAR20_Aircraft_Project\attacks\Adversarial_Attacks\proposed_efficientnetb0_se_mlp512_full_seed2\epsilon_0p5\layercam_masked_pgd\examples\A14\01_1019_0_clean-A14_adv-A14.png,A14,1.000000,A14,0.994994,0.060328
layercam_masked_pgd,0.5,A14,C:\Users\최병호\Desktop\과제\MAR20_Aircraft_Project\MAR20\Classification_Dataset\test\A14\1019_1.jpg,C:\Users\최병호\Desktop\과제\MAR20_Aircraft_Project\attacks\Adversarial_Attacks\proposed_efficientnetb0_se_mlp512_full_seed2\epsilon_0p5\layercam_masked_pgd\examples\A14\02_1019_1_clean-A14_adv-A14.png,A14,0.999985,A14,0.878429,0.088015
layercam_masked_pgd,0.5,A14,C:\Users\최병호\Desktop\과제\MAR20_Aircraft_Project\MAR20\Classification_Dataset\test\A14\1019_2.jpg,C:\Users\최병호\Desktop\과제\MAR20_Aircraft_Project\attacks\Adversarial_Attacks\proposed_efficientnetb0_se_mlp512_full_seed2\epsilon_0p5\layercam_masked_pgd\examples\A14\03_1019_2_clean-A14_adv-A18.png,A14,0.999813,A18,0.992570,0.079151
layercam_masked_pgd,0.5,A14,C:\Users\최병호\Desktop\과제\MAR20_Aircraft_Project\MAR20\Classification_Dataset\test\A14\1062_2.jpg,C:\Users\최병호\Desktop\과제\MAR20_Aircraft_Project\attacks\Adversarial_Attacks\proposed_efficientnetb0_se_mlp512_full_seed2\epsilon_0p5\layercam_masked_pgd\examples\A14\04_1062_2_clean-A14_adv-A4.png,A14,0.852466,A4,0.989056,0.041653
layercam_masked_pgd,0.5,A14,C:\Users\최병호\Desktop\과제\MAR20_Aircraft_Project\MAR20\Classification_Dataset\test\A14\1065_2.jpg,C:\Users\최병호\Desktop\과제\MAR20_Aircraft_Project\attacks\Adversarial_Attacks\proposed_efficientnetb0_se_mlp512_full_seed2\epsilon_0p5\layercam_masked_pgd\examples\A14\05_1065_2_clean-A14_adv-A4.png,A14,0.999684,A4,0.999948,0.051419
layercam_masked_pgd,0.5,A14,C:\Users\최병호\Desktop\과제\MAR20_Aircraft_Project\MAR20\Classification_Dataset\test\A14\1065_3.jpg,C:\Users\최병호\Desktop\과제\MAR20_Aircraft_Project\attacks\Adversarial_Attacks\proposed_efficientnetb0_se_mlp512_full_seed2\epsilon_0p5\layercam_masked_pgd\examples\A14\06_1065_3_clean-A14_adv-A8.png,A14,0.998776,A8,0.998632,0.044787
layercam_masked_pgd,0.5,A14,C:\Users\최병호\Desktop\과제\MAR20_Aircraft_Project\MAR20\Classification_Dataset\test\A14\1071_0.jpg,C:\Users\최병호\Desktop\과제\MAR20_Aircraft_Project\attacks\Adversarial_Attacks\proposed_efficientnetb0_se_mlp512_full_seed2\epsilon_0p5\layercam_masked_pgd\examples\A14\07_1071_0_clean-A14_adv-A4.png,A14,0.999881,A4,0.959700,0.051892
layercam_masked_pgd,0.5,A14,C:\Users\최병호\Desktop\과제\MAR20_Aircraft_Project\MAR20\Classification_Dataset\test\A14\1071_1.jpg,C:\Users\최병호\Desktop\과제\MAR20_Aircraft_Project\attacks\Adversarial_Attacks\proposed_efficientnetb0_se_mlp512_full_seed2\epsilon_0p5\layercam_masked_pgd\examples\A14\08_1071_1_clean-A14_adv-A8.png,A14,0.999983,A8,0.746787,0.050956
layercam_masked_pgd,0.5,A14,C:\Users\최병호\Desktop\과제\MAR20_Aircraft_Project\MAR20\Classification_Dataset\test\A14\1076_2.jpg,C:\Users\최병호\Desktop\과제\MAR20_Aircraft_Project\attacks\Adversarial_Attacks\proposed_efficientnetb0_se_mlp512_full_seed2\epsilon_0p5\layercam_masked_pgd\examples\A14\09_1076_2_clean-A14_adv-A18.png,A14,0.999817,A18,0.993646,0.073202
layercam_masked_pgd,0.5,A14,C:\Users\최병호\Desktop\과제\MAR20_Aircraft_Project\MAR20\Classification_Dataset\test\A14\1076_3.jpg,C:\Users\최병호\Desktop\과제\MAR20_Aircraft_Project\attacks\Adversarial_Attacks\proposed_efficientnetb0_se_mlp512_full_seed2\epsilon_0p5\layercam_masked_pgd\examples\A14\10_1076_3_clean-A14_adv-A4.png,A14,0.999964,A4,0.923579,0.047662
layercam_masked_pgd,0.5,A15,C:\Users\최병호\Desktop\과제\MAR20_Aircraft_Project\MAR20\Classification_Dataset\test\A15\1006_0.jpg,C:\Users\최병호\Desktop\과제\MAR20_Aircraft_Project\attacks\Adversarial_Attacks\proposed_efficientnetb0_se_mlp512_full_seed2\epsilon_0p5\layercam_masked_pgd\examples\A15\01_1006_0_clean-A15_adv-A5.png,A15,1.000000,A5,0.999928,0.142578
layercam_masked_pgd,0.5,A15,C:\Users\최병호\Desktop\과제\MAR20_Aircraft_Project\MAR20\Classification_Dataset\test\A15\1006_1.jpg,C:\Users\최병호\Desktop\과제\MAR20_Aircraft_Project\attacks\Adversarial_Attacks\proposed_efficientnetb0_se_mlp512_full_seed2\epsilon_0p5\layercam_masked_pgd\examples\A15\02_1006_1_clean-A15_adv-A13.png,A15,1.000000,A13,0.828975,0.111851
layercam_masked_pgd,0.5,A15,C:\Users\최병호\Desktop\과제\MAR20_Aircraft_Project\MAR20\Classification_Dataset\test\A15\1026_0.jpg,C:\Users\최병호\Desktop\과제\MAR20_Aircraft_Project\attacks\Adversarial_Attacks\proposed_efficientnetb0_se_mlp512_full_seed2\epsilon_0p5\layercam_masked_pgd\examples\A15\03_1026_0_clean-A15_adv-A12.png,A15,0.999994,A12,0.999883,0.123455
layercam_masked_pgd,0.5,A15,C:\Users\최병호\Desktop\과제\MAR20_Aircraft_Project\MAR20\Classification_Dataset\test\A15\1026_1.jpg,C:\Users\최병호\Desktop\과제\MAR20_Aircraft_Project\attacks\Adversarial_Attacks\proposed_efficientnetb0_se_mlp512_full_seed2\epsilon_0p5\layercam_masked_pgd\examples\A15\04_1026_1_clean-A15_adv-A14.png,A15,0.982893,A14,0.838965,0.081254
layercam_masked_pgd,0.5,A15,C:\Users\최병호\Desktop\과제\MAR20_Aircraft_Project\MAR20\Classification_Dataset\test\A15\1026_2.jpg,C:\Users\최병호\Desktop\과제\MAR20_Aircraft_Project\attacks\Adversarial_Attacks\proposed_efficientnetb0_se_mlp512_full_seed2\epsilon_0p5\layercam_masked_pgd\examples\A15\05_1026_2_clean-A15_adv-A1.png,A15,0.993468,A1,0.998664,0.058982
layercam_masked_pgd,0.5,A15,C:\Users\최병호\Desktop\과제\MAR20_Aircraft_Project\MAR20\Classification_Dataset\test\A15\1026_3.jpg,C:\Users\최병호\Desktop\과제\MAR20_Aircraft_Project\attacks\Adversarial_Attacks\proposed_efficientnetb0_se_mlp512_full_seed2\epsilon_0p5\layercam_masked_pgd\examples\A15\06_1026_3_clean-A15_adv-A1.png,A15,0.980046,A1,0.889618,0.044160
layercam_masked_pgd,0.5,A15,C:\Users\최병호\Desktop\과제\MAR20_Aircraft_Project\MAR20\Classification_Dataset\test\A15\1026_4.jpg,C:\Users\최병호\Desktop\과제\MAR20_Aircraft_Project\attacks\Adversarial_Attacks\proposed_efficientnetb0_se_mlp512_full_seed2\epsilon_0p5\layercam_masked_pgd\examples\A15\07_1026_4_clean-A15_adv-A1.png,A15,0.996864,A1,0.993086,0.065191
layercam_masked_pgd,0.5,A15,C:\Users\최병호\Desktop\과제\MAR20_Aircraft_Project\MAR20\Classification_Dataset\test\A15\1053_0.jpg,C:\Users\최병호\Desktop\과제\MAR20_Aircraft_Project\attacks\Adversarial_Attacks\proposed_efficientnetb0_se_mlp512_full_seed2\epsilon_0p5\layercam_masked_pgd\examples\A15\08_1053_0_clean-A15_adv-A5.png,A15,0.999798,A5,0.999938,0.088593
layercam_masked_pgd,0.5,A15,C:\Users\최병호\Desktop\과제\MAR20_Aircraft_Project\MAR20\Classification_Dataset\test\A15\1053_1.jpg,C:\Users\최병호\Desktop\과제\MAR20_Aircraft_Project\attacks\Adversarial_Attacks\proposed_efficientnetb0_se_mlp512_full_seed2\epsilon_0p5\layercam_masked_pgd\examples\A15\09_1053_1_clean-A15_adv-A5.png,A15,0.999998,A5,0.998884,0.087746
layercam_masked_pgd,0.5,A15,C:\Users\최병호\Desktop\과제\MAR20_Aircraft_Project\MAR20\Classification_Dataset\test\A15\1053_2.jpg,C:\Users\최병호\Desktop\과제\MAR20_Aircraft_Project\attacks\Adversarial_Attacks\proposed_efficientnetb0_se_mlp512_full_seed2\epsilon_0p5\layercam_masked_pgd\examples\A15\10_1053_2_clean-A15_adv-A5.png,A15,0.999984,A5,0.999988,0.103037
layercam_masked_pgd,0.5,A16,C:\Users\최병호\Desktop\과제\MAR20_Aircraft_Project\MAR20\Classification_Dataset\test\A16\1025_2.jpg,C:\Users\최병호\Desktop\과제\MAR20_Aircraft_Project\attacks\Adversarial_Attacks\proposed_efficientnetb0_se_mlp512_full_seed2\epsilon_0p5\layercam_masked_pgd\examples\A16\01_1025_2_clean-A16_adv-A13.png,A16,0.486990,A13,0.992501,0.037070
layercam_masked_pgd,0.5,A16,C:\Users\최병호\Desktop\과제\MAR20_Aircraft_Project\MAR20\Classification_Dataset\test\A16\1025_3.jpg,C:\Users\최병호\Desktop\과제\MAR20_Aircraft_Project\attacks\Adversarial_Attacks\proposed_efficientnetb0_se_mlp512_full_seed2\epsilon_0p5\layercam_masked_pgd\examples\A16\02_1025_3_clean-A16_adv-A1.png,A16,0.599657,A1,0.907574,0.035361
layercam_masked_pgd,0.5,A16,C:\Users\최병호\Desktop\과제\MAR20_Aircraft_Project\MAR20\Classification_Dataset\test\A16\1025_4.jpg,C:\Users\최병호\Desktop\과제\MAR20_Aircraft_Project\attacks\Adversarial_Attacks\proposed_efficientnetb0_se_mlp512_full_seed2\epsilon_0p5\layercam_masked_pgd\examples\A16\03_1025_4_clean-A16_adv-A13.png,A16,0.376373,A13,0.996850,0.044045
layercam_masked_pgd,0.5,A16,C:\Users\최병호\Desktop\과제\MAR20_Aircraft_Project\MAR20\Classification_Dataset\test\A16\1059_0.jpg,C:\Users\최병호\Desktop\과제\MAR20_Aircraft_Project\attacks\Adversarial_Attacks\proposed_efficientnetb0_se_mlp512_full_seed2\epsilon_0p5\layercam_masked_pgd\examples\A16\04_1059_0_clean-A16_adv-A13.png,A16,0.931210,A13,0.963051,0.040159
layercam_masked_pgd,0.5,A16,C:\Users\최병호\Desktop\과제\MAR20_Aircraft_Project\MAR20\Classification_Dataset\test\A16\1059_1.jpg,C:\Users\최병호\Desktop\과제\MAR20_Aircraft_Project\attacks\Adversarial_Attacks\proposed_efficientnetb0_se_mlp512_full_seed2\epsilon_0p5\layercam_masked_pgd\examples\A16\05_1059_1_clean-A16_adv-A13.png,A16,0.912679,A13,0.953317,0.038609
layercam_masked_pgd,0.5,A16,C:\Users\최병호\Desktop\과제\MAR20_Aircraft_Project\MAR20\Classification_Dataset\test\A16\1059_2.jpg,C:\Users\최병호\Desktop\과제\MAR20_Aircraft_Project\attacks\Adversarial_Attacks\proposed_efficientnetb0_se_mlp512_full_seed2\epsilon_0p5\layercam_masked_pgd\examples\A16\06_1059_2_clean-A16_adv-A13.png,A16,0.951693,A13,0.856550,0.039396
layercam_masked_pgd,0.5,A16,C:\Users\최병호\Desktop\과제\MAR20_Aircraft_Project\MAR20\Classification_Dataset\test\A16\1059_3.jpg,C:\Users\최병호\Desktop\과제\MAR20_Aircraft_Project\attacks\Adversarial_Attacks\proposed_efficientnetb0_se_mlp512_full_seed2\epsilon_0p5\layercam_masked_pgd\examples\A16\07_1059_3_clean-A16_adv-A13.png,A16,0.960760,A13,0.627570,0.038186
layercam_masked_pgd,0.5,A16,C:\Users\최병호\Desktop\과제\MAR20_Aircraft_Project\MAR20\Classification_Dataset\test\A16\1059_4.jpg,C:\Users\최병호\Desktop\과제\MAR20_Aircraft_Project\attacks\Adversarial_Attacks\proposed_efficientnetb0_se_mlp512_full_seed2\epsilon_0p5\layercam_masked_pgd\examples\A16\08_1059_4_clean-A16_adv-A13.png,A16,0.945969,A13,0.973198,0.041260
layercam_masked_pgd,0.5,A16,C:\Users\최병호\Desktop\과제\MAR20_Aircraft_Project\MAR20\Classification_Dataset\test\A16\1127_0.jpg,C:\Users\최병호\Desktop\과제\MAR20_Aircraft_Project\attacks\Adversarial_Attacks\proposed_efficientnetb0_se_mlp512_full_seed2\epsilon_0p5\layercam_masked_pgd\examples\A16\09_1127_0_clean-A16_adv-A13.png,A16,0.965898,A13,0.993544,0.052181
layercam_masked_pgd,0.5,A16,C:\Users\최병호\Desktop\과제\MAR20_Aircraft_Project\MAR20\Classification_Dataset\test\A16\1127_1.jpg,C:\Users\최병호\Desktop\과제\MAR20_Aircraft_Project\attacks\Adversarial_Attacks\proposed_efficientnetb0_se_mlp512_full_seed2\epsilon_0p5\layercam_masked_pgd\examples\A16\10_1127_1_clean-A16_adv-A13.png,A16,0.999688,A13,0.874068,0.060711
layercam_masked_pgd,0.5,A17,C:\Users\최병호\Desktop\과제\MAR20_Aircraft_Project\MAR20\Classification_Dataset\test\A17\1009_0.jpg,C:\Users\최병호\Desktop\과제\MAR20_Aircraft_Project\attacks\Adversarial_Attacks\proposed_efficientnetb0_se_mlp512_full_seed2\epsilon_0p5\layercam_masked_pgd\examples\A17\01_1009_0_clean-A17_adv-A17.png,A17,0.999014,A17,0.966733,0.088927
layercam_masked_pgd,0.5,A17,C:\Users\최병호\Desktop\과제\MAR20_Aircraft_Project\MAR20\Classification_Dataset\test\A17\1009_1.jpg,C:\Users\최병호\Desktop\과제\MAR20_Aircraft_Project\attacks\Adversarial_Attacks\proposed_efficientnetb0_se_mlp512_full_seed2\epsilon_0p5\layercam_masked_pgd\examples\A17\02_1009_1_clean-A17_adv-A17.png,A17,0.999723,A17,0.979760,0.119484
layercam_masked_pgd,0.5,A17,C:\Users\최병호\Desktop\과제\MAR20_Aircraft_Project\MAR20\Classification_Dataset\test\A17\1009_2.jpg,C:\Users\최병호\Desktop\과제\MAR20_Aircraft_Project\attacks\Adversarial_Attacks\proposed_efficientnetb0_se_mlp512_full_seed2\epsilon_0p5\layercam_masked_pgd\examples\A17\03_1009_2_clean-A17_adv-A17.png,A17,0.999791,A17,0.864575,0.175163
layercam_masked_pgd,0.5,A17,C:\Users\최병호\Desktop\과제\MAR20_Aircraft_Project\MAR20\Classification_Dataset\test\A17\1009_3.jpg,C:\Users\최병호\Desktop\과제\MAR20_Aircraft_Project\attacks\Adversarial_Attacks\proposed_efficientnetb0_se_mlp512_full_seed2\epsilon_0p5\layercam_masked_pgd\examples\A17\04_1009_3_clean-A17_adv-A17.png,A17,0.999970,A17,0.997806,0.111144
layercam_masked_pgd,0.5,A17,C:\Users\최병호\Desktop\과제\MAR20_Aircraft_Project\MAR20\Classification_Dataset\test\A17\1009_4.jpg,C:\Users\최병호\Desktop\과제\MAR20_Aircraft_Project\attacks\Adversarial_Attacks\proposed_efficientnetb0_se_mlp512_full_seed2\epsilon_0p5\layercam_masked_pgd\examples\A17\05_1009_4_clean-A17_adv-A17.png,A17,0.999965,A17,0.999488,0.087607
layercam_masked_pgd,0.5,A17,C:\Users\최병호\Desktop\과제\MAR20_Aircraft_Project\MAR20\Classification_Dataset\test\A17\1009_5.jpg,C:\Users\최병호\Desktop\과제\MAR20_Aircraft_Project\attacks\Adversarial_Attacks\proposed_efficientnetb0_se_mlp512_full_seed2\epsilon_0p5\layercam_masked_pgd\examples\A17\06_1009_5_clean-A17_adv-A12.png,A17,0.982726,A12,0.570485,0.051504
layercam_masked_pgd,0.5,A17,C:\Users\최병호\Desktop\과제\MAR20_Aircraft_Project\MAR20\Classification_Dataset\test\A17\1012_0.jpg,C:\Users\최병호\Desktop\과제\MAR20_Aircraft_Project\attacks\Adversarial_Attacks\proposed_efficientnetb0_se_mlp512_full_seed2\epsilon_0p5\layercam_masked_pgd\examples\A17\07_1012_0_clean-A17_adv-A17.png,A17,0.999965,A17,0.972096,0.072849
layercam_masked_pgd,0.5,A17,C:\Users\최병호\Desktop\과제\MAR20_Aircraft_Project\MAR20\Classification_Dataset\test\A17\1012_5.jpg,C:\Users\최병호\Desktop\과제\MAR20_Aircraft_Project\attacks\Adversarial_Attacks\proposed_efficientnetb0_se_mlp512_full_seed2\epsilon_0p5\layercam_masked_pgd\examples\A17\08_1012_5_clean-A17_adv-A17.png,A17,0.999999,A17,0.999162,0.111303
layercam_masked_pgd,0.5,A17,C:\Users\최병호\Desktop\과제\MAR20_Aircraft_Project\MAR20\Classification_Dataset\test\A17\1015_0.jpg,C:\Users\최병호\Desktop\과제\MAR20_Aircraft_Project\attacks\Adversarial_Attacks\proposed_efficientnetb0_se_mlp512_full_seed2\epsilon_0p5\layercam_masked_pgd\examples\A17\09_1015_0_clean-A17_adv-A17.png,A17,0.999879,A17,0.961539,0.061748
layercam_masked_pgd,0.5,A17,C:\Users\최병호\Desktop\과제\MAR20_Aircraft_Project\MAR20\Classification_Dataset\test\A17\1015_1.jpg,C:\Users\최병호\Desktop\과제\MAR20_Aircraft_Project\attacks\Adversarial_Attacks\proposed_efficientnetb0_se_mlp512_full_seed2\epsilon_0p5\layercam_masked_pgd\examples\A17\10_1015_1_clean-A17_adv-A17.png,A17,0.999995,A17,0.916446,0.122454
layercam_masked_pgd,0.5,A18,C:\Users\최병호\Desktop\과제\MAR20_Aircraft_Project\MAR20\Classification_Dataset\test\A18\1075_6.jpg,C:\Users\최병호\Desktop\과제\MAR20_Aircraft_Project\attacks\Adversarial_Attacks\proposed_efficientnetb0_se_mlp512_full_seed2\epsilon_0p5\layercam_masked_pgd\examples\A18\01_1075_6_clean-A18_adv-A10.png,A18,0.953294,A10,0.997127,0.068315
layercam_masked_pgd,0.5,A18,C:\Users\최병호\Desktop\과제\MAR20_Aircraft_Project\MAR20\Classification_Dataset\test\A18\1114_2.jpg,C:\Users\최병호\Desktop\과제\MAR20_Aircraft_Project\attacks\Adversarial_Attacks\proposed_efficientnetb0_se_mlp512_full_seed2\epsilon_0p5\layercam_masked_pgd\examples\A18\02_1114_2_clean-A18_adv-A14.png,A18,0.998899,A14,0.939359,0.064593
layercam_masked_pgd,0.5,A18,C:\Users\최병호\Desktop\과제\MAR20_Aircraft_Project\MAR20\Classification_Dataset\test\A18\1270_0.jpg,C:\Users\최병호\Desktop\과제\MAR20_Aircraft_Project\attacks\Adversarial_Attacks\proposed_efficientnetb0_se_mlp512_full_seed2\epsilon_0p5\layercam_masked_pgd\examples\A18\03_1270_0_clean-A18_adv-A10.png,A18,0.995053,A10,0.982278,0.051917
layercam_masked_pgd,0.5,A18,C:\Users\최병호\Desktop\과제\MAR20_Aircraft_Project\MAR20\Classification_Dataset\test\A18\1338_2.jpg,C:\Users\최병호\Desktop\과제\MAR20_Aircraft_Project\attacks\Adversarial_Attacks\proposed_efficientnetb0_se_mlp512_full_seed2\epsilon_0p5\layercam_masked_pgd\examples\A18\04_1338_2_clean-A18_adv-A11.png,A18,0.926389,A11,0.778429,0.051539
layercam_masked_pgd,0.5,A18,C:\Users\최병호\Desktop\과제\MAR20_Aircraft_Project\MAR20\Classification_Dataset\test\A18\1384_0.jpg,C:\Users\최병호\Desktop\과제\MAR20_Aircraft_Project\attacks\Adversarial_Attacks\proposed_efficientnetb0_se_mlp512_full_seed2\epsilon_0p5\layercam_masked_pgd\examples\A18\05_1384_0_clean-A18_adv-A14.png,A18,0.866115,A14,0.998414,0.045520
layercam_masked_pgd,0.5,A18,C:\Users\최병호\Desktop\과제\MAR20_Aircraft_Project\MAR20\Classification_Dataset\test\A18\1399_2.jpg,C:\Users\최병호\Desktop\과제\MAR20_Aircraft_Project\attacks\Adversarial_Attacks\proposed_efficientnetb0_se_mlp512_full_seed2\epsilon_0p5\layercam_masked_pgd\examples\A18\06_1399_2_clean-A18_adv-A14.png,A18,0.972998,A14,0.820935,0.048270
layercam_masked_pgd,0.5,A18,C:\Users\최병호\Desktop\과제\MAR20_Aircraft_Project\MAR20\Classification_Dataset\test\A18\1422_1.jpg,C:\Users\최병호\Desktop\과제\MAR20_Aircraft_Project\attacks\Adversarial_Attacks\proposed_efficientnetb0_se_mlp512_full_seed2\epsilon_0p5\layercam_masked_pgd\examples\A18\07_1422_1_clean-A18_adv-A14.png,A18,0.653158,A14,0.995275,0.046915
layercam_masked_pgd,0.5,A18,C:\Users\최병호\Desktop\과제\MAR20_Aircraft_Project\MAR20\Classification_Dataset\test\A18\1495_3.jpg,C:\Users\최병호\Desktop\과제\MAR20_Aircraft_Project\attacks\Adversarial_Attacks\proposed_efficientnetb0_se_mlp512_full_seed2\epsilon_0p5\layercam_masked_pgd\examples\A18\08_1495_3_clean-A18_adv-A10.png,A18,0.964368,A10,0.999986,0.038121
layercam_masked_pgd,0.5,A18,C:\Users\최병호\Desktop\과제\MAR20_Aircraft_Project\MAR20\Classification_Dataset\test\A18\1495_4.jpg,C:\Users\최병호\Desktop\과제\MAR20_Aircraft_Project\attacks\Adversarial_Attacks\proposed_efficientnetb0_se_mlp512_full_seed2\epsilon_0p5\layercam_masked_pgd\examples\A18\09_1495_4_clean-A18_adv-A10.png,A18,0.996638,A10,0.996953,0.042052
layercam_masked_pgd,0.5,A18,C:\Users\최병호\Desktop\과제\MAR20_Aircraft_Project\MAR20\Classification_Dataset\test\A18\1530_0.jpg,C:\Users\최병호\Desktop\과제\MAR20_Aircraft_Project\attacks\Adversarial_Attacks\proposed_efficientnetb0_se_mlp512_full_seed2\epsilon_0p5\layercam_masked_pgd\examples\A18\10_1530_0_clean-A18_adv-A14.png,A18,0.918285,A14,0.850268,0.050971
layercam_masked_pgd,0.5,A19,C:\Users\최병호\Desktop\과제\MAR20_Aircraft_Project\MAR20\Classification_Dataset\test\A19\1002_0.jpg,C:\Users\최병호\Desktop\과제\MAR20_Aircraft_Project\attacks\Adversarial_Attacks\proposed_efficientnetb0_se_mlp512_full_seed2\epsilon_0p5\layercam_masked_pgd\examples\A19\01_1002_0_clean-A19_adv-A1.png,A19,0.999283,A1,0.991998,0.084816
layercam_masked_pgd,0.5,A19,C:\Users\최병호\Desktop\과제\MAR20_Aircraft_Project\MAR20\Classification_Dataset\test\A19\1002_1.jpg,C:\Users\최병호\Desktop\과제\MAR20_Aircraft_Project\attacks\Adversarial_Attacks\proposed_efficientnetb0_se_mlp512_full_seed2\epsilon_0p5\layercam_masked_pgd\examples\A19\02_1002_1_clean-A19_adv-A1.png,A19,0.997764,A1,0.997239,0.063048
layercam_masked_pgd,0.5,A19,C:\Users\최병호\Desktop\과제\MAR20_Aircraft_Project\MAR20\Classification_Dataset\test\A19\1002_10.jpg,C:\Users\최병호\Desktop\과제\MAR20_Aircraft_Project\attacks\Adversarial_Attacks\proposed_efficientnetb0_se_mlp512_full_seed2\epsilon_0p5\layercam_masked_pgd\examples\A19\03_1002_10_clean-A19_adv-A19.png,A19,0.999999,A19,0.712216,0.064672
layercam_masked_pgd,0.5,A19,C:\Users\최병호\Desktop\과제\MAR20_Aircraft_Project\MAR20\Classification_Dataset\test\A19\1002_11.jpg,C:\Users\최병호\Desktop\과제\MAR20_Aircraft_Project\attacks\Adversarial_Attacks\proposed_efficientnetb0_se_mlp512_full_seed2\epsilon_0p5\layercam_masked_pgd\examples\A19\04_1002_11_clean-A19_adv-A19.png,A19,0.999996,A19,0.809727,0.054448
layercam_masked_pgd,0.5,A19,C:\Users\최병호\Desktop\과제\MAR20_Aircraft_Project\MAR20\Classification_Dataset\test\A19\1002_12.jpg,C:\Users\최병호\Desktop\과제\MAR20_Aircraft_Project\attacks\Adversarial_Attacks\proposed_efficientnetb0_se_mlp512_full_seed2\epsilon_0p5\layercam_masked_pgd\examples\A19\05_1002_12_clean-A19_adv-A1.png,A19,0.999955,A1,0.748859,0.057248
layercam_masked_pgd,0.5,A19,C:\Users\최병호\Desktop\과제\MAR20_Aircraft_Project\MAR20\Classification_Dataset\test\A19\1002_2.jpg,C:\Users\최병호\Desktop\과제\MAR20_Aircraft_Project\attacks\Adversarial_Attacks\proposed_efficientnetb0_se_mlp512_full_seed2\epsilon_0p5\layercam_masked_pgd\examples\A19\06_1002_2_clean-A19_adv-A1.png,A19,0.992324,A1,0.995581,0.050657
layercam_masked_pgd,0.5,A19,C:\Users\최병호\Desktop\과제\MAR20_Aircraft_Project\MAR20\Classification_Dataset\test\A19\1002_3.jpg,C:\Users\최병호\Desktop\과제\MAR20_Aircraft_Project\attacks\Adversarial_Attacks\proposed_efficientnetb0_se_mlp512_full_seed2\epsilon_0p5\layercam_masked_pgd\examples\A19\07_1002_3_clean-A19_adv-A19.png,A19,0.999999,A19,0.693286,0.049047
layercam_masked_pgd,0.5,A19,C:\Users\최병호\Desktop\과제\MAR20_Aircraft_Project\MAR20\Classification_Dataset\test\A19\1002_8.jpg,C:\Users\최병호\Desktop\과제\MAR20_Aircraft_Project\attacks\Adversarial_Attacks\proposed_efficientnetb0_se_mlp512_full_seed2\epsilon_0p5\layercam_masked_pgd\examples\A19\08_1002_8_clean-A19_adv-A19.png,A19,1.000000,A19,0.757495,0.058614
layercam_masked_pgd,0.5,A19,C:\Users\최병호\Desktop\과제\MAR20_Aircraft_Project\MAR20\Classification_Dataset\test\A19\1002_9.jpg,C:\Users\최병호\Desktop\과제\MAR20_Aircraft_Project\attacks\Adversarial_Attacks\proposed_efficientnetb0_se_mlp512_full_seed2\epsilon_0p5\layercam_masked_pgd\examples\A19\09_1002_9_clean-A19_adv-A19.png,A19,1.000000,A19,0.879642,0.056078
layercam_masked_pgd,0.5,A19,C:\Users\최병호\Desktop\과제\MAR20_Aircraft_Project\MAR20\Classification_Dataset\test\A19\1011_0.jpg,C:\Users\최병호\Desktop\과제\MAR20_Aircraft_Project\attacks\Adversarial_Attacks\proposed_efficientnetb0_se_mlp512_full_seed2\epsilon_0p5\layercam_masked_pgd\examples\A19\10_1011_0_clean-A19_adv-A1.png,A19,0.778474,A1,0.998821,0.051499
layercam_masked_pgd,0.5,A2,C:\Users\최병호\Desktop\과제\MAR20_Aircraft_Project\MAR20\Classification_Dataset\test\A2\1000_0.jpg,C:\Users\최병호\Desktop\과제\MAR20_Aircraft_Project\attacks\Adversarial_Attacks\proposed_efficientnetb0_se_mlp512_full_seed2\epsilon_0p5\layercam_masked_pgd\examples\A2\01_1000_0_clean-A2_adv-A3.png,A2,0.997739,A3,0.912860,0.035042
layercam_masked_pgd,0.5,A2,C:\Users\최병호\Desktop\과제\MAR20_Aircraft_Project\MAR20\Classification_Dataset\test\A2\1000_1.jpg,C:\Users\최병호\Desktop\과제\MAR20_Aircraft_Project\attacks\Adversarial_Attacks\proposed_efficientnetb0_se_mlp512_full_seed2\epsilon_0p5\layercam_masked_pgd\examples\A2\02_1000_1_clean-A2_adv-A4.png,A2,0.989447,A4,0.998871,0.030398
layercam_masked_pgd,0.5,A2,C:\Users\최병호\Desktop\과제\MAR20_Aircraft_Project\MAR20\Classification_Dataset\test\A2\1001_0.jpg,C:\Users\최병호\Desktop\과제\MAR20_Aircraft_Project\attacks\Adversarial_Attacks\proposed_efficientnetb0_se_mlp512_full_seed2\epsilon_0p5\layercam_masked_pgd\examples\A2\03_1001_0_clean-A2_adv-A2.png,A2,0.997368,A2,0.975330,0.028824
layercam_masked_pgd,0.5,A2,C:\Users\최병호\Desktop\과제\MAR20_Aircraft_Project\MAR20\Classification_Dataset\test\A2\102_0.jpg,C:\Users\최병호\Desktop\과제\MAR20_Aircraft_Project\attacks\Adversarial_Attacks\proposed_efficientnetb0_se_mlp512_full_seed2\epsilon_0p5\layercam_masked_pgd\examples\A2\04_102_0_clean-A2_adv-A3.png,A2,0.996544,A3,0.550481,0.034115
layercam_masked_pgd,0.5,A2,C:\Users\최병호\Desktop\과제\MAR20_Aircraft_Project\MAR20\Classification_Dataset\test\A2\102_1.jpg,C:\Users\최병호\Desktop\과제\MAR20_Aircraft_Project\attacks\Adversarial_Attacks\proposed_efficientnetb0_se_mlp512_full_seed2\epsilon_0p5\layercam_masked_pgd\examples\A2\05_102_1_clean-A2_adv-A18.png,A2,0.764668,A18,0.475090,0.037936
layercam_masked_pgd,0.5,A2,C:\Users\최병호\Desktop\과제\MAR20_Aircraft_Project\MAR20\Classification_Dataset\test\A2\102_2.jpg,C:\Users\최병호\Desktop\과제\MAR20_Aircraft_Project\attacks\Adversarial_Attacks\proposed_efficientnetb0_se_mlp512_full_seed2\epsilon_0p5\layercam_masked_pgd\examples\A2\06_102_2_clean-A2_adv-A3.png,A2,0.898597,A3,0.991665,0.039028
layercam_masked_pgd,0.5,A2,C:\Users\최병호\Desktop\과제\MAR20_Aircraft_Project\MAR20\Classification_Dataset\test\A2\102_3.jpg,C:\Users\최병호\Desktop\과제\MAR20_Aircraft_Project\attacks\Adversarial_Attacks\proposed_efficientnetb0_se_mlp512_full_seed2\epsilon_0p5\layercam_masked_pgd\examples\A2\07_102_3_clean-A2_adv-A3.png,A2,0.983469,A3,0.982679,0.036551
layercam_masked_pgd,0.5,A2,C:\Users\최병호\Desktop\과제\MAR20_Aircraft_Project\MAR20\Classification_Dataset\test\A2\102_4.jpg,C:\Users\최병호\Desktop\과제\MAR20_Aircraft_Project\attacks\Adversarial_Attacks\proposed_efficientnetb0_se_mlp512_full_seed2\epsilon_0p5\layercam_masked_pgd\examples\A2\08_102_4_clean-A2_adv-A10.png,A2,0.982443,A10,0.834446,0.032715
layercam_masked_pgd,0.5,A2,C:\Users\최병호\Desktop\과제\MAR20_Aircraft_Project\MAR20\Classification_Dataset\test\A2\102_6.jpg,C:\Users\최병호\Desktop\과제\MAR20_Aircraft_Project\attacks\Adversarial_Attacks\proposed_efficientnetb0_se_mlp512_full_seed2\epsilon_0p5\layercam_masked_pgd\examples\A2\09_102_6_clean-A2_adv-A4.png,A2,0.950062,A4,0.989051,0.032177
layercam_masked_pgd,0.5,A2,C:\Users\최병호\Desktop\과제\MAR20_Aircraft_Project\MAR20\Classification_Dataset\test\A2\102_7.jpg,C:\Users\최병호\Desktop\과제\MAR20_Aircraft_Project\attacks\Adversarial_Attacks\proposed_efficientnetb0_se_mlp512_full_seed2\epsilon_0p5\layercam_masked_pgd\examples\A2\10_102_7_clean-A2_adv-A10.png,A2,0.576551,A10,0.825915,0.034309
layercam_masked_pgd,0.5,A20,C:\Users\최병호\Desktop\과제\MAR20_Aircraft_Project\MAR20\Classification_Dataset\test\A20\1004_0.jpg,C:\Users\최병호\Desktop\과제\MAR20_Aircraft_Project\attacks\Adversarial_Attacks\proposed_efficientnetb0_se_mlp512_full_seed2\epsilon_0p5\layercam_masked_pgd\examples\A20\01_1004_0_clean-A20_adv-A20.png,A20,0.999979,A20,0.999900,0.053322
layercam_masked_pgd,0.5,A20,C:\Users\최병호\Desktop\과제\MAR20_Aircraft_Project\MAR20\Classification_Dataset\test\A20\1004_1.jpg,C:\Users\최병호\Desktop\과제\MAR20_Aircraft_Project\attacks\Adversarial_Attacks\proposed_efficientnetb0_se_mlp512_full_seed2\epsilon_0p5\layercam_masked_pgd\examples\A20\02_1004_1_clean-A20_adv-A20.png,A20,0.999986,A20,0.999960,0.055804
layercam_masked_pgd,0.5,A20,C:\Users\최병호\Desktop\과제\MAR20_Aircraft_Project\MAR20\Classification_Dataset\test\A20\1004_2.jpg,C:\Users\최병호\Desktop\과제\MAR20_Aircraft_Project\attacks\Adversarial_Attacks\proposed_efficientnetb0_se_mlp512_full_seed2\epsilon_0p5\layercam_masked_pgd\examples\A20\03_1004_2_clean-A20_adv-A20.png,A20,0.997732,A20,0.989891,0.027020
layercam_masked_pgd,0.5,A20,C:\Users\최병호\Desktop\과제\MAR20_Aircraft_Project\MAR20\Classification_Dataset\test\A20\1004_3.jpg,C:\Users\최병호\Desktop\과제\MAR20_Aircraft_Project\attacks\Adversarial_Attacks\proposed_efficientnetb0_se_mlp512_full_seed2\epsilon_0p5\layercam_masked_pgd\examples\A20\04_1004_3_clean-A20_adv-A20.png,A20,0.999931,A20,0.999624,0.028734
layercam_masked_pgd,0.5,A20,C:\Users\최병호\Desktop\과제\MAR20_Aircraft_Project\MAR20\Classification_Dataset\test\A20\1004_4.jpg,C:\Users\최병호\Desktop\과제\MAR20_Aircraft_Project\attacks\Adversarial_Attacks\proposed_efficientnetb0_se_mlp512_full_seed2\epsilon_0p5\layercam_masked_pgd\examples\A20\05_1004_4_clean-A20_adv-A20.png,A20,0.999993,A20,0.999987,0.029576
layercam_masked_pgd,0.5,A20,C:\Users\최병호\Desktop\과제\MAR20_Aircraft_Project\MAR20\Classification_Dataset\test\A20\1122_10.jpg,C:\Users\최병호\Desktop\과제\MAR20_Aircraft_Project\attacks\Adversarial_Attacks\proposed_efficientnetb0_se_mlp512_full_seed2\epsilon_0p5\layercam_masked_pgd\examples\A20\06_1122_10_clean-A20_adv-A20.png,A20,0.999980,A20,0.999951,0.031609
layercam_masked_pgd,0.5,A20,C:\Users\최병호\Desktop\과제\MAR20_Aircraft_Project\MAR20\Classification_Dataset\test\A20\1122_8.jpg,C:\Users\최병호\Desktop\과제\MAR20_Aircraft_Project\attacks\Adversarial_Attacks\proposed_efficientnetb0_se_mlp512_full_seed2\epsilon_0p5\layercam_masked_pgd\examples\A20\07_1122_8_clean-A20_adv-A20.png,A20,0.999937,A20,0.999840,0.022919
layercam_masked_pgd,0.5,A20,C:\Users\최병호\Desktop\과제\MAR20_Aircraft_Project\MAR20\Classification_Dataset\test\A20\1122_9.jpg,C:\Users\최병호\Desktop\과제\MAR20_Aircraft_Project\attacks\Adversarial_Attacks\proposed_efficientnetb0_se_mlp512_full_seed2\epsilon_0p5\layercam_masked_pgd\examples\A20\08_1122_9_clean-A20_adv-A20.png,A20,0.999884,A20,0.999628,0.026228
layercam_masked_pgd,0.5,A20,C:\Users\최병호\Desktop\과제\MAR20_Aircraft_Project\MAR20\Classification_Dataset\test\A20\1130_0.jpg,C:\Users\최병호\Desktop\과제\MAR20_Aircraft_Project\attacks\Adversarial_Attacks\proposed_efficientnetb0_se_mlp512_full_seed2\epsilon_0p5\layercam_masked_pgd\examples\A20\09_1130_0_clean-A20_adv-A20.png,A20,0.999967,A20,0.999755,0.042072
layercam_masked_pgd,0.5,A20,C:\Users\최병호\Desktop\과제\MAR20_Aircraft_Project\MAR20\Classification_Dataset\test\A20\1130_1.jpg,C:\Users\최병호\Desktop\과제\MAR20_Aircraft_Project\attacks\Adversarial_Attacks\proposed_efficientnetb0_se_mlp512_full_seed2\epsilon_0p5\layercam_masked_pgd\examples\A20\10_1130_1_clean-A20_adv-A20.png,A20,0.999979,A20,0.999730,0.056132
layercam_masked_pgd,0.5,A3,C:\Users\최병호\Desktop\과제\MAR20_Aircraft_Project\MAR20\Classification_Dataset\test\A3\1000_2.jpg,C:\Users\최병호\Desktop\과제\MAR20_Aircraft_Project\attacks\Adversarial_Attacks\proposed_efficientnetb0_se_mlp512_full_seed2\epsilon_0p5\layercam_masked_pgd\examples\A3\01_1000_2_clean-A3_adv-A3.png,A3,1.000000,A3,0.999998,0.045311
layercam_masked_pgd,0.5,A3,C:\Users\최병호\Desktop\과제\MAR20_Aircraft_Project\MAR20\Classification_Dataset\test\A3\1001_1.jpg,C:\Users\최병호\Desktop\과제\MAR20_Aircraft_Project\attacks\Adversarial_Attacks\proposed_efficientnetb0_se_mlp512_full_seed2\epsilon_0p5\layercam_masked_pgd\examples\A3\02_1001_1_clean-A3_adv-A3.png,A3,1.000000,A3,0.999969,0.040971
layercam_masked_pgd,0.5,A3,C:\Users\최병호\Desktop\과제\MAR20_Aircraft_Project\MAR20\Classification_Dataset\test\A3\1001_2.jpg,C:\Users\최병호\Desktop\과제\MAR20_Aircraft_Project\attacks\Adversarial_Attacks\proposed_efficientnetb0_se_mlp512_full_seed2\epsilon_0p5\layercam_masked_pgd\examples\A3\03_1001_2_clean-A3_adv-A3.png,A3,1.000000,A3,0.999999,0.042471
layercam_masked_pgd,0.5,A3,C:\Users\최병호\Desktop\과제\MAR20_Aircraft_Project\MAR20\Classification_Dataset\test\A3\1001_3.jpg,C:\Users\최병호\Desktop\과제\MAR20_Aircraft_Project\attacks\Adversarial_Attacks\proposed_efficientnetb0_se_mlp512_full_seed2\epsilon_0p5\layercam_masked_pgd\examples\A3\04_1001_3_clean-A3_adv-A3.png,A3,1.000000,A3,0.999988,0.042167
layercam_masked_pgd,0.5,A3,C:\Users\최병호\Desktop\과제\MAR20_Aircraft_Project\MAR20\Classification_Dataset\test\A3\100_0.jpg,C:\Users\최병호\Desktop\과제\MAR20_Aircraft_Project\attacks\Adversarial_Attacks\proposed_efficientnetb0_se_mlp512_full_seed2\epsilon_0p5\layercam_masked_pgd\examples\A3\05_100_0_clean-A3_adv-A16.png,A3,0.982919,A16,0.847284,0.036262
layercam_masked_pgd,0.5,A3,C:\Users\최병호\Desktop\과제\MAR20_Aircraft_Project\MAR20\Classification_Dataset\test\A3\100_1.jpg,C:\Users\최병호\Desktop\과제\MAR20_Aircraft_Project\attacks\Adversarial_Attacks\proposed_efficientnetb0_se_mlp512_full_seed2\epsilon_0p5\layercam_masked_pgd\examples\A3\06_100_1_clean-A3_adv-A3.png,A3,0.999565,A3,0.776518,0.048524
layercam_masked_pgd,0.5,A3,C:\Users\최병호\Desktop\과제\MAR20_Aircraft_Project\MAR20\Classification_Dataset\test\A3\100_2.jpg,C:\Users\최병호\Desktop\과제\MAR20_Aircraft_Project\attacks\Adversarial_Attacks\proposed_efficientnetb0_se_mlp512_full_seed2\epsilon_0p5\layercam_masked_pgd\examples\A3\07_100_2_clean-A3_adv-A3.png,A3,0.999793,A3,0.973583,0.042590
layercam_masked_pgd,0.5,A3,C:\Users\최병호\Desktop\과제\MAR20_Aircraft_Project\MAR20\Classification_Dataset\test\A3\100_3.jpg,C:\Users\최병호\Desktop\과제\MAR20_Aircraft_Project\attacks\Adversarial_Attacks\proposed_efficientnetb0_se_mlp512_full_seed2\epsilon_0p5\layercam_masked_pgd\examples\A3\08_100_3_clean-A3_adv-A3.png,A3,0.999438,A3,0.816365,0.039351
layercam_masked_pgd,0.5,A3,C:\Users\최병호\Desktop\과제\MAR20_Aircraft_Project\MAR20\Classification_Dataset\test\A3\100_4.jpg,C:\Users\최병호\Desktop\과제\MAR20_Aircraft_Project\attacks\Adversarial_Attacks\proposed_efficientnetb0_se_mlp512_full_seed2\epsilon_0p5\layercam_masked_pgd\examples\A3\09_100_4_clean-A3_adv-A16.png,A3,0.997107,A16,0.413666,0.052022
layercam_masked_pgd,0.5,A3,C:\Users\최병호\Desktop\과제\MAR20_Aircraft_Project\MAR20\Classification_Dataset\test\A3\100_5.jpg,C:\Users\최병호\Desktop\과제\MAR20_Aircraft_Project\attacks\Adversarial_Attacks\proposed_efficientnetb0_se_mlp512_full_seed2\epsilon_0p5\layercam_masked_pgd\examples\A3\10_100_5_clean-A3_adv-A14.png,A3,0.999986,A14,0.980089,0.040996
layercam_masked_pgd,0.5,A4,C:\Users\최병호\Desktop\과제\MAR20_Aircraft_Project\MAR20\Classification_Dataset\test\A4\1074_0.jpg,C:\Users\최병호\Desktop\과제\MAR20_Aircraft_Project\attacks\Adversarial_Attacks\proposed_efficientnetb0_se_mlp512_full_seed2\epsilon_0p5\layercam_masked_pgd\examples\A4\01_1074_0_clean-A4_adv-A14.png,A4,0.997046,A14,0.960796,0.046043
layercam_masked_pgd,0.5,A4,C:\Users\최병호\Desktop\과제\MAR20_Aircraft_Project\MAR20\Classification_Dataset\test\A4\1074_1.jpg,C:\Users\최병호\Desktop\과제\MAR20_Aircraft_Project\attacks\Adversarial_Attacks\proposed_efficientnetb0_se_mlp512_full_seed2\epsilon_0p5\layercam_masked_pgd\examples\A4\02_1074_1_clean-A4_adv-A14.png,A4,0.997439,A14,0.857532,0.048609
layercam_masked_pgd,0.5,A4,C:\Users\최병호\Desktop\과제\MAR20_Aircraft_Project\MAR20\Classification_Dataset\test\A4\1074_2.jpg,C:\Users\최병호\Desktop\과제\MAR20_Aircraft_Project\attacks\Adversarial_Attacks\proposed_efficientnetb0_se_mlp512_full_seed2\epsilon_0p5\layercam_masked_pgd\examples\A4\03_1074_2_clean-A4_adv-A2.png,A4,0.997169,A2,0.562196,0.047154
layercam_masked_pgd,0.5,A4,C:\Users\최병호\Desktop\과제\MAR20_Aircraft_Project\MAR20\Classification_Dataset\test\A4\1074_3.jpg,C:\Users\최병호\Desktop\과제\MAR20_Aircraft_Project\attacks\Adversarial_Attacks\proposed_efficientnetb0_se_mlp512_full_seed2\epsilon_0p5\layercam_masked_pgd\examples\A4\04_1074_3_clean-A4_adv-A14.png,A4,0.991034,A14,0.937428,0.038470
layercam_masked_pgd,0.5,A4,C:\Users\최병호\Desktop\과제\MAR20_Aircraft_Project\MAR20\Classification_Dataset\test\A4\1074_4.jpg,C:\Users\최병호\Desktop\과제\MAR20_Aircraft_Project\attacks\Adversarial_Attacks\proposed_efficientnetb0_se_mlp512_full_seed2\epsilon_0p5\layercam_masked_pgd\examples\A4\05_1074_4_clean-A4_adv-A4.png,A4,0.999530,A4,0.634722,0.042909
layercam_masked_pgd,0.5,A4,C:\Users\최병호\Desktop\과제\MAR20_Aircraft_Project\MAR20\Classification_Dataset\test\A4\1074_5.jpg,C:\Users\최병호\Desktop\과제\MAR20_Aircraft_Project\attacks\Adversarial_Attacks\proposed_efficientnetb0_se_mlp512_full_seed2\epsilon_0p5\layercam_masked_pgd\examples\A4\06_1074_5_clean-A4_adv-A14.png,A4,0.993899,A14,0.927003,0.047358
layercam_masked_pgd,0.5,A4,C:\Users\최병호\Desktop\과제\MAR20_Aircraft_Project\MAR20\Classification_Dataset\test\A4\1074_6.jpg,C:\Users\최병호\Desktop\과제\MAR20_Aircraft_Project\attacks\Adversarial_Attacks\proposed_efficientnetb0_se_mlp512_full_seed2\epsilon_0p5\layercam_masked_pgd\examples\A4\07_1074_6_clean-A4_adv-A14.png,A4,0.998328,A14,0.847736,0.040936
layercam_masked_pgd,0.5,A4,C:\Users\최병호\Desktop\과제\MAR20_Aircraft_Project\MAR20\Classification_Dataset\test\A4\1074_7.jpg,C:\Users\최병호\Desktop\과제\MAR20_Aircraft_Project\attacks\Adversarial_Attacks\proposed_efficientnetb0_se_mlp512_full_seed2\epsilon_0p5\layercam_masked_pgd\examples\A4\08_1074_7_clean-A4_adv-A14.png,A4,0.999668,A14,0.642251,0.037159
layercam_masked_pgd,0.5,A4,C:\Users\최병호\Desktop\과제\MAR20_Aircraft_Project\MAR20\Classification_Dataset\test\A4\1074_8.jpg,C:\Users\최병호\Desktop\과제\MAR20_Aircraft_Project\attacks\Adversarial_Attacks\proposed_efficientnetb0_se_mlp512_full_seed2\epsilon_0p5\layercam_masked_pgd\examples\A4\09_1074_8_clean-A4_adv-A14.png,A4,0.977566,A14,0.982949,0.042291
layercam_masked_pgd,0.5,A4,C:\Users\최병호\Desktop\과제\MAR20_Aircraft_Project\MAR20\Classification_Dataset\test\A4\1074_9.jpg,C:\Users\최병호\Desktop\과제\MAR20_Aircraft_Project\attacks\Adversarial_Attacks\proposed_efficientnetb0_se_mlp512_full_seed2\epsilon_0p5\layercam_masked_pgd\examples\A4\10_1074_9_clean-A4_adv-A14.png,A4,0.999188,A14,0.728212,0.036576
layercam_masked_pgd,0.5,A5,C:\Users\최병호\Desktop\과제\MAR20_Aircraft_Project\MAR20\Classification_Dataset\test\A5\1013_1.jpg,C:\Users\최병호\Desktop\과제\MAR20_Aircraft_Project\attacks\Adversarial_Attacks\proposed_efficientnetb0_se_mlp512_full_seed2\epsilon_0p5\layercam_masked_pgd\examples\A5\01_1013_1_clean-A5_adv-A1.png,A5,0.999368,A1,0.993330,0.121712
layercam_masked_pgd,0.5,A5,C:\Users\최병호\Desktop\과제\MAR20_Aircraft_Project\MAR20\Classification_Dataset\test\A5\1013_2.jpg,C:\Users\최병호\Desktop\과제\MAR20_Aircraft_Project\attacks\Adversarial_Attacks\proposed_efficientnetb0_se_mlp512_full_seed2\epsilon_0p5\layercam_masked_pgd\examples\A5\02_1013_2_clean-A5_adv-A15.png,A5,0.999334,A15,0.951555,0.061394
layercam_masked_pgd,0.5,A5,C:\Users\최병호\Desktop\과제\MAR20_Aircraft_Project\MAR20\Classification_Dataset\test\A5\1013_3.jpg,C:\Users\최병호\Desktop\과제\MAR20_Aircraft_Project\attacks\Adversarial_Attacks\proposed_efficientnetb0_se_mlp512_full_seed2\epsilon_0p5\layercam_masked_pgd\examples\A5\03_1013_3_clean-A5_adv-A15.png,A5,0.999580,A15,0.999955,0.073357
layercam_masked_pgd,0.5,A5,C:\Users\최병호\Desktop\과제\MAR20_Aircraft_Project\MAR20\Classification_Dataset\test\A5\1052_3.jpg,C:\Users\최병호\Desktop\과제\MAR20_Aircraft_Project\attacks\Adversarial_Attacks\proposed_efficientnetb0_se_mlp512_full_seed2\epsilon_0p5\layercam_masked_pgd\examples\A5\04_1052_3_clean-A5_adv-A5.png,A5,0.999981,A5,0.794323,0.071354
layercam_masked_pgd,0.5,A5,C:\Users\최병호\Desktop\과제\MAR20_Aircraft_Project\MAR20\Classification_Dataset\test\A5\1052_4.jpg,C:\Users\최병호\Desktop\과제\MAR20_Aircraft_Project\attacks\Adversarial_Attacks\proposed_efficientnetb0_se_mlp512_full_seed2\epsilon_0p5\layercam_masked_pgd\examples\A5\05_1052_4_clean-A5_adv-A5.png,A5,0.999772,A5,0.683767,0.061508
layercam_masked_pgd,0.5,A5,C:\Users\최병호\Desktop\과제\MAR20_Aircraft_Project\MAR20\Classification_Dataset\test\A5\1052_5.jpg,C:\Users\최병호\Desktop\과제\MAR20_Aircraft_Project\attacks\Adversarial_Attacks\proposed_efficientnetb0_se_mlp512_full_seed2\epsilon_0p5\layercam_masked_pgd\examples\A5\06_1052_5_clean-A5_adv-A5.png,A5,0.999978,A5,0.632784,0.083461
layercam_masked_pgd,0.5,A5,C:\Users\최병호\Desktop\과제\MAR20_Aircraft_Project\MAR20\Classification_Dataset\test\A5\1052_6.jpg,C:\Users\최병호\Desktop\과제\MAR20_Aircraft_Project\attacks\Adversarial_Attacks\proposed_efficientnetb0_se_mlp512_full_seed2\epsilon_0p5\layercam_masked_pgd\examples\A5\07_1052_6_clean-A5_adv-A13.png,A5,0.999954,A13,0.938003,0.084717
layercam_masked_pgd,0.5,A5,C:\Users\최병호\Desktop\과제\MAR20_Aircraft_Project\MAR20\Classification_Dataset\test\A5\1088_4.jpg,C:\Users\최병호\Desktop\과제\MAR20_Aircraft_Project\attacks\Adversarial_Attacks\proposed_efficientnetb0_se_mlp512_full_seed2\epsilon_0p5\layercam_masked_pgd\examples\A5\08_1088_4_clean-A5_adv-A13.png,A5,0.777281,A13,0.999949,0.063716
layercam_masked_pgd,0.5,A5,C:\Users\최병호\Desktop\과제\MAR20_Aircraft_Project\MAR20\Classification_Dataset\test\A5\1093_0.jpg,C:\Users\최병호\Desktop\과제\MAR20_Aircraft_Project\attacks\Adversarial_Attacks\proposed_efficientnetb0_se_mlp512_full_seed2\epsilon_0p5\layercam_masked_pgd\examples\A5\09_1093_0_clean-A5_adv-A5.png,A5,1.000000,A5,0.622861,0.126589
layercam_masked_pgd,0.5,A5,C:\Users\최병호\Desktop\과제\MAR20_Aircraft_Project\MAR20\Classification_Dataset\test\A5\1093_1.jpg,C:\Users\최병호\Desktop\과제\MAR20_Aircraft_Project\attacks\Adversarial_Attacks\proposed_efficientnetb0_se_mlp512_full_seed2\epsilon_0p5\layercam_masked_pgd\examples\A5\10_1093_1_clean-A5_adv-A5.png,A5,1.000000,A5,0.877334,0.125897
layercam_masked_pgd,0.5,A6,C:\Users\최병호\Desktop\과제\MAR20_Aircraft_Project\MAR20\Classification_Dataset\test\A6\1162_6.jpg,C:\Users\최병호\Desktop\과제\MAR20_Aircraft_Project\attacks\Adversarial_Attacks\proposed_efficientnetb0_se_mlp512_full_seed2\epsilon_0p5\layercam_masked_pgd\examples\A6\01_1162_6_clean-A6_adv-A17.png,A6,0.999307,A17,0.809748,0.137979
layercam_masked_pgd,0.5,A6,C:\Users\최병호\Desktop\과제\MAR20_Aircraft_Project\MAR20\Classification_Dataset\test\A6\1162_7.jpg,C:\Users\최병호\Desktop\과제\MAR20_Aircraft_Project\attacks\Adversarial_Attacks\proposed_efficientnetb0_se_mlp512_full_seed2\epsilon_0p5\layercam_masked_pgd\examples\A6\02_1162_7_clean-A6_adv-A6.png,A6,0.999667,A6,0.529211,0.140241
layercam_masked_pgd,0.5,A6,C:\Users\최병호\Desktop\과제\MAR20_Aircraft_Project\MAR20\Classification_Dataset\test\A6\1783_0.jpg,C:\Users\최병호\Desktop\과제\MAR20_Aircraft_Project\attacks\Adversarial_Attacks\proposed_efficientnetb0_se_mlp512_full_seed2\epsilon_0p5\layercam_masked_pgd\examples\A6\03_1783_0_clean-A6_adv-A6.png,A6,0.999839,A6,0.986608,0.079510
layercam_masked_pgd,0.5,A6,C:\Users\최병호\Desktop\과제\MAR20_Aircraft_Project\MAR20\Classification_Dataset\test\A6\1783_1.jpg,C:\Users\최병호\Desktop\과제\MAR20_Aircraft_Project\attacks\Adversarial_Attacks\proposed_efficientnetb0_se_mlp512_full_seed2\epsilon_0p5\layercam_masked_pgd\examples\A6\04_1783_1_clean-A6_adv-A6.png,A6,0.999848,A6,0.994207,0.109350
layercam_masked_pgd,0.5,A6,C:\Users\최병호\Desktop\과제\MAR20_Aircraft_Project\MAR20\Classification_Dataset\test\A6\1783_2.jpg,C:\Users\최병호\Desktop\과제\MAR20_Aircraft_Project\attacks\Adversarial_Attacks\proposed_efficientnetb0_se_mlp512_full_seed2\epsilon_0p5\layercam_masked_pgd\examples\A6\05_1783_2_clean-A6_adv-A6.png,A6,0.999781,A6,0.621585,0.139464
layercam_masked_pgd,0.5,A6,C:\Users\최병호\Desktop\과제\MAR20_Aircraft_Project\MAR20\Classification_Dataset\test\A6\1783_3.jpg,C:\Users\최병호\Desktop\과제\MAR20_Aircraft_Project\attacks\Adversarial_Attacks\proposed_efficientnetb0_se_mlp512_full_seed2\epsilon_0p5\layercam_masked_pgd\examples\A6\06_1783_3_clean-A6_adv-A6.png,A6,0.999837,A6,0.995900,0.146245
layercam_masked_pgd,0.5,A6,C:\Users\최병호\Desktop\과제\MAR20_Aircraft_Project\MAR20\Classification_Dataset\test\A6\1783_4.jpg,C:\Users\최병호\Desktop\과제\MAR20_Aircraft_Project\attacks\Adversarial_Attacks\proposed_efficientnetb0_se_mlp512_full_seed2\epsilon_0p5\layercam_masked_pgd\examples\A6\07_1783_4_clean-A6_adv-A6.png,A6,0.999733,A6,0.975747,0.120401
layercam_masked_pgd,0.5,A6,C:\Users\최병호\Desktop\과제\MAR20_Aircraft_Project\MAR20\Classification_Dataset\test\A6\1783_5.jpg,C:\Users\최병호\Desktop\과제\MAR20_Aircraft_Project\attacks\Adversarial_Attacks\proposed_efficientnetb0_se_mlp512_full_seed2\epsilon_0p5\layercam_masked_pgd\examples\A6\08_1783_5_clean-A6_adv-A6.png,A6,0.999705,A6,0.987014,0.127571
layercam_masked_pgd,0.5,A6,C:\Users\최병호\Desktop\과제\MAR20_Aircraft_Project\MAR20\Classification_Dataset\test\A6\179_3.jpg,C:\Users\최병호\Desktop\과제\MAR20_Aircraft_Project\attacks\Adversarial_Attacks\proposed_efficientnetb0_se_mlp512_full_seed2\epsilon_0p5\layercam_masked_pgd\examples\A6\09_179_3_clean-A6_adv-A15.png,A6,0.491153,A15,0.970942,0.027179
layercam_masked_pgd,0.5,A6,C:\Users\최병호\Desktop\과제\MAR20_Aircraft_Project\MAR20\Classification_Dataset\test\A6\206_2.jpg,C:\Users\최병호\Desktop\과제\MAR20_Aircraft_Project\attacks\Adversarial_Attacks\proposed_efficientnetb0_se_mlp512_full_seed2\epsilon_0p5\layercam_masked_pgd\examples\A6\10_206_2_clean-A6_adv-A6.png,A6,0.999789,A6,0.997856,0.066740
layercam_masked_pgd,0.5,A7,C:\Users\최병호\Desktop\과제\MAR20_Aircraft_Project\MAR20\Classification_Dataset\test\A7\1024_0.jpg,C:\Users\최병호\Desktop\과제\MAR20_Aircraft_Project\attacks\Adversarial_Attacks\proposed_efficientnetb0_se_mlp512_full_seed2\epsilon_0p5\layercam_masked_pgd\examples\A7\01_1024_0_clean-A7_adv-A7.png,A7,1.000000,A7,0.999981,0.051190
layercam_masked_pgd,0.5,A7,C:\Users\최병호\Desktop\과제\MAR20_Aircraft_Project\MAR20\Classification_Dataset\test\A7\1024_1.jpg,C:\Users\최병호\Desktop\과제\MAR20_Aircraft_Project\attacks\Adversarial_Attacks\proposed_efficientnetb0_se_mlp512_full_seed2\epsilon_0p5\layercam_masked_pgd\examples\A7\02_1024_1_clean-A7_adv-A7.png,A7,0.999997,A7,0.994565,0.041180
layercam_masked_pgd,0.5,A7,C:\Users\최병호\Desktop\과제\MAR20_Aircraft_Project\MAR20\Classification_Dataset\test\A7\1024_2.jpg,C:\Users\최병호\Desktop\과제\MAR20_Aircraft_Project\attacks\Adversarial_Attacks\proposed_efficientnetb0_se_mlp512_full_seed2\epsilon_0p5\layercam_masked_pgd\examples\A7\03_1024_2_clean-A7_adv-A7.png,A7,1.000000,A7,0.999932,0.051050
layercam_masked_pgd,0.5,A7,C:\Users\최병호\Desktop\과제\MAR20_Aircraft_Project\MAR20\Classification_Dataset\test\A7\1024_3.jpg,C:\Users\최병호\Desktop\과제\MAR20_Aircraft_Project\attacks\Adversarial_Attacks\proposed_efficientnetb0_se_mlp512_full_seed2\epsilon_0p5\layercam_masked_pgd\examples\A7\04_1024_3_clean-A7_adv-A7.png,A7,0.999999,A7,0.999635,0.042804
layercam_masked_pgd,0.5,A7,C:\Users\최병호\Desktop\과제\MAR20_Aircraft_Project\MAR20\Classification_Dataset\test\A7\103_0.jpg,C:\Users\최병호\Desktop\과제\MAR20_Aircraft_Project\attacks\Adversarial_Attacks\proposed_efficientnetb0_se_mlp512_full_seed2\epsilon_0p5\layercam_masked_pgd\examples\A7\05_103_0_clean-A7_adv-A7.png,A7,0.999667,A7,0.596247,0.037015
layercam_masked_pgd,0.5,A7,C:\Users\최병호\Desktop\과제\MAR20_Aircraft_Project\MAR20\Classification_Dataset\test\A7\103_1.jpg,C:\Users\최병호\Desktop\과제\MAR20_Aircraft_Project\attacks\Adversarial_Attacks\proposed_efficientnetb0_se_mlp512_full_seed2\epsilon_0p5\layercam_masked_pgd\examples\A7\06_103_1_clean-A7_adv-A3.png,A7,0.997084,A3,0.811123,0.036163
layercam_masked_pgd,0.5,A7,C:\Users\최병호\Desktop\과제\MAR20_Aircraft_Project\MAR20\Classification_Dataset\test\A7\1047_4.jpg,C:\Users\최병호\Desktop\과제\MAR20_Aircraft_Project\attacks\Adversarial_Attacks\proposed_efficientnetb0_se_mlp512_full_seed2\epsilon_0p5\layercam_masked_pgd\examples\A7\07_1047_4_clean-A7_adv-A7.png,A7,0.999938,A7,0.623770,0.046073
layercam_masked_pgd,0.5,A7,C:\Users\최병호\Desktop\과제\MAR20_Aircraft_Project\MAR20\Classification_Dataset\test\A7\1069_1.jpg,C:\Users\최병호\Desktop\과제\MAR20_Aircraft_Project\attacks\Adversarial_Attacks\proposed_efficientnetb0_se_mlp512_full_seed2\epsilon_0p5\layercam_masked_pgd\examples\A7\08_1069_1_clean-A7_adv-A11.png,A7,0.928164,A11,0.747736,0.033851
layercam_masked_pgd,0.5,A7,C:\Users\최병호\Desktop\과제\MAR20_Aircraft_Project\MAR20\Classification_Dataset\test\A7\1069_2.jpg,C:\Users\최병호\Desktop\과제\MAR20_Aircraft_Project\attacks\Adversarial_Attacks\proposed_efficientnetb0_se_mlp512_full_seed2\epsilon_0p5\layercam_masked_pgd\examples\A7\09_1069_2_clean-A7_adv-A11.png,A7,0.894987,A11,0.583232,0.033990
layercam_masked_pgd,0.5,A7,C:\Users\최병호\Desktop\과제\MAR20_Aircraft_Project\MAR20\Classification_Dataset\test\A7\106_1.jpg,C:\Users\최병호\Desktop\과제\MAR20_Aircraft_Project\attacks\Adversarial_Attacks\proposed_efficientnetb0_se_mlp512_full_seed2\epsilon_0p5\layercam_masked_pgd\examples\A7\10_106_1_clean-A7_adv-A7.png,A7,1.000000,A7,0.999897,0.041051
layercam_masked_pgd,0.5,A8,C:\Users\최병호\Desktop\과제\MAR20_Aircraft_Project\MAR20\Classification_Dataset\test\A8\1105_3.jpg,C:\Users\최병호\Desktop\과제\MAR20_Aircraft_Project\attacks\Adversarial_Attacks\proposed_efficientnetb0_se_mlp512_full_seed2\epsilon_0p5\layercam_masked_pgd\examples\A8\01_1105_3_clean-A8_adv-A14.png,A8,0.999993,A14,0.999940,0.093386
layercam_masked_pgd,0.5,A8,C:\Users\최병호\Desktop\과제\MAR20_Aircraft_Project\MAR20\Classification_Dataset\test\A8\1147_1.jpg,C:\Users\최병호\Desktop\과제\MAR20_Aircraft_Project\attacks\Adversarial_Attacks\proposed_efficientnetb0_se_mlp512_full_seed2\epsilon_0p5\layercam_masked_pgd\examples\A8\02_1147_1_clean-A8_adv-A11.png,A8,0.827950,A11,0.984456,0.036711
layercam_masked_pgd,0.5,A8,C:\Users\최병호\Desktop\과제\MAR20_Aircraft_Project\MAR20\Classification_Dataset\test\A8\1175_1.jpg,C:\Users\최병호\Desktop\과제\MAR20_Aircraft_Project\attacks\Adversarial_Attacks\proposed_efficientnetb0_se_mlp512_full_seed2\epsilon_0p5\layercam_masked_pgd\examples\A8\03_1175_1_clean-A8_adv-A11.png,A8,0.913663,A11,0.904877,0.060985
layercam_masked_pgd,0.5,A8,C:\Users\최병호\Desktop\과제\MAR20_Aircraft_Project\MAR20\Classification_Dataset\test\A8\1175_3.jpg,C:\Users\최병호\Desktop\과제\MAR20_Aircraft_Project\attacks\Adversarial_Attacks\proposed_efficientnetb0_se_mlp512_full_seed2\epsilon_0p5\layercam_masked_pgd\examples\A8\04_1175_3_clean-A8_adv-A14.png,A8,0.999995,A14,0.995216,0.110541
layercam_masked_pgd,0.5,A8,C:\Users\최병호\Desktop\과제\MAR20_Aircraft_Project\MAR20\Classification_Dataset\test\A8\1233_1.jpg,C:\Users\최병호\Desktop\과제\MAR20_Aircraft_Project\attacks\Adversarial_Attacks\proposed_efficientnetb0_se_mlp512_full_seed2\epsilon_0p5\layercam_masked_pgd\examples\A8\05_1233_1_clean-A8_adv-A11.png,A8,0.543584,A11,0.671545,0.025366
layercam_masked_pgd,0.5,A8,C:\Users\최병호\Desktop\과제\MAR20_Aircraft_Project\MAR20\Classification_Dataset\test\A8\1371_1.jpg,C:\Users\최병호\Desktop\과제\MAR20_Aircraft_Project\attacks\Adversarial_Attacks\proposed_efficientnetb0_se_mlp512_full_seed2\epsilon_0p5\layercam_masked_pgd\examples\A8\06_1371_1_clean-A8_adv-A14.png,A8,0.999994,A14,0.996745,0.069007
layercam_masked_pgd,0.5,A8,C:\Users\최병호\Desktop\과제\MAR20_Aircraft_Project\MAR20\Classification_Dataset\test\A8\1418_3.jpg,C:\Users\최병호\Desktop\과제\MAR20_Aircraft_Project\attacks\Adversarial_Attacks\proposed_efficientnetb0_se_mlp512_full_seed2\epsilon_0p5\layercam_masked_pgd\examples\A8\07_1418_3_clean-A8_adv-A8.png,A8,0.999987,A8,0.968836,0.037254
layercam_masked_pgd,0.5,A8,C:\Users\최병호\Desktop\과제\MAR20_Aircraft_Project\MAR20\Classification_Dataset\test\A8\1462_0.jpg,C:\Users\최병호\Desktop\과제\MAR20_Aircraft_Project\attacks\Adversarial_Attacks\proposed_efficientnetb0_se_mlp512_full_seed2\epsilon_0p5\layercam_masked_pgd\examples\A8\08_1462_0_clean-A8_adv-A4.png,A8,0.976685,A4,0.592556,0.032914
layercam_masked_pgd,0.5,A8,C:\Users\최병호\Desktop\과제\MAR20_Aircraft_Project\MAR20\Classification_Dataset\test\A8\1462_1.jpg,C:\Users\최병호\Desktop\과제\MAR20_Aircraft_Project\attacks\Adversarial_Attacks\proposed_efficientnetb0_se_mlp512_full_seed2\epsilon_0p5\layercam_masked_pgd\examples\A8\09_1462_1_clean-A8_adv-A4.png,A8,0.996374,A4,0.559222,0.057214
layercam_masked_pgd,0.5,A8,C:\Users\최병호\Desktop\과제\MAR20_Aircraft_Project\MAR20\Classification_Dataset\test\A8\1462_2.jpg,C:\Users\최병호\Desktop\과제\MAR20_Aircraft_Project\attacks\Adversarial_Attacks\proposed_efficientnetb0_se_mlp512_full_seed2\epsilon_0p5\layercam_masked_pgd\examples\A8\10_1462_2_clean-A8_adv-A11.png,A8,0.957872,A11,0.974416,0.037299
layercam_masked_pgd,0.5,A9,C:\Users\최병호\Desktop\과제\MAR20_Aircraft_Project\MAR20\Classification_Dataset\test\A9\1047_0.jpg,C:\Users\최병호\Desktop\과제\MAR20_Aircraft_Project\attacks\Adversarial_Attacks\proposed_efficientnetb0_se_mlp512_full_seed2\epsilon_0p5\layercam_masked_pgd\examples\A9\01_1047_0_clean-A9_adv-A6.png,A9,0.999187,A6,0.668892,0.043457
layercam_masked_pgd,0.5,A9,C:\Users\최병호\Desktop\과제\MAR20_Aircraft_Project\MAR20\Classification_Dataset\test\A9\1064_1.jpg,C:\Users\최병호\Desktop\과제\MAR20_Aircraft_Project\attacks\Adversarial_Attacks\proposed_efficientnetb0_se_mlp512_full_seed2\epsilon_0p5\layercam_masked_pgd\examples\A9\02_1064_1_clean-A9_adv-A20.png,A9,0.998520,A20,0.981090,0.096814
layercam_masked_pgd,0.5,A9,C:\Users\최병호\Desktop\과제\MAR20_Aircraft_Project\MAR20\Classification_Dataset\test\A9\1064_2.jpg,C:\Users\최병호\Desktop\과제\MAR20_Aircraft_Project\attacks\Adversarial_Attacks\proposed_efficientnetb0_se_mlp512_full_seed2\epsilon_0p5\layercam_masked_pgd\examples\A9\03_1064_2_clean-A9_adv-A15.png,A9,0.991640,A15,0.999993,0.126545
layercam_masked_pgd,0.5,A9,C:\Users\최병호\Desktop\과제\MAR20_Aircraft_Project\MAR20\Classification_Dataset\test\A9\1064_3.jpg,C:\Users\최병호\Desktop\과제\MAR20_Aircraft_Project\attacks\Adversarial_Attacks\proposed_efficientnetb0_se_mlp512_full_seed2\epsilon_0p5\layercam_masked_pgd\examples\A9\04_1064_3_clean-A9_adv-A11.png,A9,0.999917,A11,0.729462,0.056825
layercam_masked_pgd,0.5,A9,C:\Users\최병호\Desktop\과제\MAR20_Aircraft_Project\MAR20\Classification_Dataset\test\A9\1064_4.jpg,C:\Users\최병호\Desktop\과제\MAR20_Aircraft_Project\attacks\Adversarial_Attacks\proposed_efficientnetb0_se_mlp512_full_seed2\epsilon_0p5\layercam_masked_pgd\examples\A9\05_1064_4_clean-A9_adv-A11.png,A9,0.997236,A11,0.968473,0.083426
layercam_masked_pgd,0.5,A9,C:\Users\최병호\Desktop\과제\MAR20_Aircraft_Project\MAR20\Classification_Dataset\test\A9\1064_5.jpg,C:\Users\최병호\Desktop\과제\MAR20_Aircraft_Project\attacks\Adversarial_Attacks\proposed_efficientnetb0_se_mlp512_full_seed2\epsilon_0p5\layercam_masked_pgd\examples\A9\06_1064_5_clean-A9_adv-A20.png,A9,0.822300,A20,0.998024,0.092888
layercam_masked_pgd,0.5,A9,C:\Users\최병호\Desktop\과제\MAR20_Aircraft_Project\MAR20\Classification_Dataset\test\A9\1065_5.jpg,C:\Users\최병호\Desktop\과제\MAR20_Aircraft_Project\attacks\Adversarial_Attacks\proposed_efficientnetb0_se_mlp512_full_seed2\epsilon_0p5\layercam_masked_pgd\examples\A9\07_1065_5_clean-A9_adv-A17.png,A9,0.985467,A17,0.999733,0.089126
layercam_masked_pgd,0.5,A9,C:\Users\최병호\Desktop\과제\MAR20_Aircraft_Project\MAR20\Classification_Dataset\test\A9\1076_6.jpg,C:\Users\최병호\Desktop\과제\MAR20_Aircraft_Project\attacks\Adversarial_Attacks\proposed_efficientnetb0_se_mlp512_full_seed2\epsilon_0p5\layercam_masked_pgd\examples\A9\08_1076_6_clean-A9_adv-A9.png,A9,0.997095,A9,0.329317,0.026447
layercam_masked_pgd,0.5,A9,C:\Users\최병호\Desktop\과제\MAR20_Aircraft_Project\MAR20\Classification_Dataset\test\A9\1119_1.jpg,C:\Users\최병호\Desktop\과제\MAR20_Aircraft_Project\attacks\Adversarial_Attacks\proposed_efficientnetb0_se_mlp512_full_seed2\epsilon_0p5\layercam_masked_pgd\examples\A9\09_1119_1_clean-A9_adv-A9.png,A9,1.000000,A9,0.513811,0.067632
layercam_masked_pgd,0.5,A9,C:\Users\최병호\Desktop\과제\MAR20_Aircraft_Project\MAR20\Classification_Dataset\test\A9\1119_2.jpg,C:\Users\최병호\Desktop\과제\MAR20_Aircraft_Project\attacks\Adversarial_Attacks\proposed_efficientnetb0_se_mlp512_full_seed2\epsilon_0p5\layercam_masked_pgd\examples\A9\10_1119_2_clean-A9_adv-A9.png,A9,1.000000,A9,0.528082,0.040218
